Country,Code,ContinentCode,Year,Month,Private sector credit billion currency units,Business credit billion currency units,Household credit billion currency units,Mortgage credit billion currency units,Consumer credit billion currency units,Consumer Price Index (CPI),Money supply billion currency units,Bank deposit interest rate percent,Mortgage credit interest rate percent,Business credit interest rate percent,Foreign exchange reserves billion currency units,Inflation monthly percent change in the CPI,Inflation annual percent change in the CPI,USD Exchange rate,Policy rate percent,Debt service ratios for private non-financial sector,Household debt to GDP in percent,Stock market index,Long-term interest rate
Kyrgyzstan,KGZ,AS,1993,1,,,,,,,,,,,,,,,,,,,
Kyrgyzstan,KGZ,AS,1993,2,,,,,,,,,,,,,,,,,,,
Kyrgyzstan,KGZ,AS,1993,3,,,,,,,,,,,,,,,,,,,
Kyrgyzstan,KGZ,AS,1993,4,,,,,,,,,,,,,,,,,,,
Kyrgyzstan,KGZ,AS,1993,5,,,,,,,,,,,,,,,,,,,
Kyrgyzstan,KGZ,AS,1993,6,,,,,,,0.45,,,,,,,,,,,,
Kyrgyzstan,KGZ,AS,1993,7,,,,,,,0.48,,,,,,,,,,,,
Kyrgyzstan,KGZ,AS,1993,8,,,,,,,0.5,,,,,,,,,,,,
Kyrgyzstan,KGZ,AS,1993,9,,,,,,,0.57,,,,,,,,,,,,
Kyrgyzstan,KGZ,AS,1993,10,,,,,,,0.63,,,,,,,,,,,,
Kyrgyzstan,KGZ,AS,1993,11,,,,,,,0.61,,,,,,,,,,,,
Kyrgyzstan,KGZ,AS,1993,12,,,,,,,0.63,,,,,,,,,,,,
Kyrgyzstan,KGZ,AS,1994,1,,,,,,,0.68,,,,,,,,,,,,
Kyrgyzstan,KGZ,AS,1994,2,,,,,,,0.82,,,,,,,,,,,,
Kyrgyzstan,KGZ,AS,1994,3,,,,,,,0.77,,,,,,,,,,,,
Kyrgyzstan,KGZ,AS,1994,4,,,,,,,0.87,,,,,,,,,,,,
Kyrgyzstan,KGZ,AS,1994,5,,,,,,,0.91,,,,,,,,,,,,
Kyrgyzstan,KGZ,AS,1994,6,,,,,,,1.01,,,,,,,,,,,,
Kyrgyzstan,KGZ,AS,1994,7,,,,,,,1.12,,,,,,,,,,,,
Kyrgyzstan,KGZ,AS,1994,8,,,,,,,1.19,,,,,,,,,,,,
Kyrgyzstan,KGZ,AS,1994,9,,,,,,,1.23,,,,,,,,,,,,
Kyrgyzstan,KGZ,AS,1994,10,,,,,,,1.31,,,,,,,,,,,,
Kyrgyzstan,KGZ,AS,1994,11,,,,,,,1.31,,,,,,,,,,,,
Kyrgyzstan,KGZ,AS,1994,12,,,,,,,1.45,,,,,,,,,,,,
Kyrgyzstan,KGZ,AS,1995,1,,,,,,,1.46,,,,,,,,,,,,
Kyrgyzstan,KGZ,AS,1995,2,,,,,,,1.53,,,,,,,,,,,,
Kyrgyzstan,KGZ,AS,1995,3,,,,,,,1.57,,,,,,,,,,,,
Kyrgyzstan,KGZ,AS,1995,4,,,,,,,1.63,,,,,,,,,,,,
Kyrgyzstan,KGZ,AS,1995,5,,,,,,,1.73,,,,,,,,,,,,
Kyrgyzstan,KGZ,AS,1995,6,,,,,,,1.88,,,,,,,,,,,,
Kyrgyzstan,KGZ,AS,1995,7,,,,,,,2.06,,,,,,,,,,,,
Kyrgyzstan,KGZ,AS,1995,8,,,,,,,2.2,,,,,,,,,,,,
Kyrgyzstan,KGZ,AS,1995,9,,,,,,,2.18,,,,,,,,,,,,
Kyrgyzstan,KGZ,AS,1995,10,,,,,,,2.31,,,,,,,,,,,,
Kyrgyzstan,KGZ,AS,1995,11,,,,,,,2.29,,,,,,,,,,,,
Kyrgyzstan,KGZ,AS,1995,12,,,,,,,2.54,,,,,,,,,,,,
Kyrgyzstan,KGZ,AS,1996,1,1.05,,,,,,2.4,37.6,,,,,,,,,,,
Kyrgyzstan,KGZ,AS,1996,2,1.05,,,,,,2.43,38.78,,,,,,,,,,,
Kyrgyzstan,KGZ,AS,1996,3,1.08,,,,,,2.4,31.68,,,,,,,,,,,
Kyrgyzstan,KGZ,AS,1996,4,1.07,,,,,,2.36,28.48,,,,,,,,,,,
Kyrgyzstan,KGZ,AS,1996,5,0.36,,,,,,2.39,31.9,,,,,,,,,,,
Kyrgyzstan,KGZ,AS,1996,6,0.38,,,,,,2.45,36.8,,,,,,,,,,,
Kyrgyzstan,KGZ,AS,1996,7,0.37,,,,,,2.54,36.71,,,,,,,,,,,
Kyrgyzstan,KGZ,AS,1996,8,0.38,,,,,,2.64,36.28,,,,,,,,,,,
Kyrgyzstan,KGZ,AS,1996,9,0.38,,,,,,2.74,33.73,,,,,,,,,,,
Kyrgyzstan,KGZ,AS,1996,10,0.39,,,,,,3,32.27,,,,,,,,,,,
Kyrgyzstan,KGZ,AS,1996,11,0.38,,,,,,2.85,28.22,,,,,,,,,,,
Kyrgyzstan,KGZ,AS,1996,12,0.41,,,,,,2.95,35.09,,,,,,,,,,,
Kyrgyzstan,KGZ,AS,1997,1,0.4,,,,,,2.87,34.4,,,,,,,,,,,
Kyrgyzstan,KGZ,AS,1997,2,0.42,,,,,,2.86,35.26,,,,,,,,,,,
Kyrgyzstan,KGZ,AS,1997,3,0.47,,,,,,2.84,35.68,,,,,,,,,,,
Kyrgyzstan,KGZ,AS,1997,4,0.49,,,,,,2.86,36.78,,,,,,,,,,,
Kyrgyzstan,KGZ,AS,1997,5,0.55,,,,,,2.91,36.99,,,,,,,,,,,
Kyrgyzstan,KGZ,AS,1997,6,0.59,,,,,,3.22,41.34,,,,,,,,,,,
Kyrgyzstan,KGZ,AS,1997,7,0.66,,,,,,3.29,39.78,,,,,,,,,,,
Kyrgyzstan,KGZ,AS,1997,8,0.7,,,,,,3.34,37,,,,,,,,,,,
Kyrgyzstan,KGZ,AS,1997,9,0.74,,,,,,3.2,38.44,,,,,,,,,,,
Kyrgyzstan,KGZ,AS,1997,10,0.78,,,,,,3.3,38.47,,,,,,,,,,,
Kyrgyzstan,KGZ,AS,1997,11,0.85,,,,,,3.33,44.22,,,,,,,,,,,
Kyrgyzstan,KGZ,AS,1997,12,1,,,,,,3.54,36.31,,,,,,,,,,,
Kyrgyzstan,KGZ,AS,1998,1,1.07,,,,,,3.66,38.08,,,,,,,,,,,
Kyrgyzstan,KGZ,AS,1998,2,1.17,,,,,,3.62,36.11,,,,,,,,,,,
Kyrgyzstan,KGZ,AS,1998,3,1.3,,,,,,3.84,36.69,,,,,,,,,,,
Kyrgyzstan,KGZ,AS,1998,4,1.45,,,,,,4.04,34.06,,,,,,,,,,,
Kyrgyzstan,KGZ,AS,1998,5,1.58,,,,,,4.05,31.02,,,,,,,,,,,
Kyrgyzstan,KGZ,AS,1998,6,1.53,,,,,,3.97,33.22,,,,,,,,,,,
Kyrgyzstan,KGZ,AS,1998,7,1.55,,,,,,4.19,35.73,,,,,,,,,,,
Kyrgyzstan,KGZ,AS,1998,8,1.58,,,,,,3.79,37.34,,,,,,,,,,,
Kyrgyzstan,KGZ,AS,1998,9,1.68,,,,,,3.76,45.16,,,,,,,,,,,
Kyrgyzstan,KGZ,AS,1998,10,1.7,,,,,,3.66,44.32,,,,,,,,,,,
Kyrgyzstan,KGZ,AS,1998,11,1.94,,,,,,3.36,47.61,,,,,,,,,,,
Kyrgyzstan,KGZ,AS,1998,12,1.72,,,,,,3.75,46.44,,,,,,,,,,,
Kyrgyzstan,KGZ,AS,1999,1,1.86,,,,,,3.66,39.18,,,,,,,,,,,
Kyrgyzstan,KGZ,AS,1999,2,1.84,,,,,,3.71,64.64,,,,,,,,,,,
Kyrgyzstan,KGZ,AS,1999,3,2.04,,,,,,3.79,42.59,,,,,,,,,,,
Kyrgyzstan,KGZ,AS,1999,4,1.45,,,,,,3.81,39.26,,,,,,,,,,,
Kyrgyzstan,KGZ,AS,1999,5,1.57,,,,,,3.72,37.92,,,,,,,,,,,
Kyrgyzstan,KGZ,AS,1999,6,1.51,,,,,,3.89,40.5,,,,,,,,,,,
Kyrgyzstan,KGZ,AS,1999,7,1.46,,,,,,4.55,40.19,,,,,,,,,,,
Kyrgyzstan,KGZ,AS,1999,8,1.54,,,,,,4.42,40.92,,,,,,,,,,,
Kyrgyzstan,KGZ,AS,1999,9,1.56,,,,,,4.49,45.93,,,,,,,,,,,
Kyrgyzstan,KGZ,AS,1999,10,1.54,,,,,,4.52,49.03,,,,,,,,,,,
Kyrgyzstan,KGZ,AS,1999,11,1.61,,,,,,4.27,43.26,,,,,,,,,,,
Kyrgyzstan,KGZ,AS,1999,12,1.53,,,,,,4.75,43.29,,,,,,,,,,,
Kyrgyzstan,KGZ,AS,2000,1,1.53,,,,,,4.5,41.03,,,,,,,,,,,
Kyrgyzstan,KGZ,AS,2000,2,1.49,,,,,,4.53,37.76,,,,,,,,,,,
Kyrgyzstan,KGZ,AS,2000,3,1.52,,,,,,4.49,36.12,,,,,,,,,,,
Kyrgyzstan,KGZ,AS,2000,4,1.5,,,,,,4.74,35.69,,,,,,,,,,,
Kyrgyzstan,KGZ,AS,2000,5,1.48,,,,,,4.73,35.42,,,,,,,,,,,
Kyrgyzstan,KGZ,AS,2000,6,1.43,,,,,,5.06,35.26,,,,,,,,,,,
Kyrgyzstan,KGZ,AS,2000,7,1.48,,,,,,5.3,26.27,,,,,,,,,,,
Kyrgyzstan,KGZ,AS,2000,8,1.53,,,,,,5.29,25.17,,,,,,,,,,,
Kyrgyzstan,KGZ,AS,2000,9,1.45,,,,,,5.24,23.69,,,,,,,,,,,
Kyrgyzstan,KGZ,AS,2000,10,1.47,,,,,,5.61,22.35,,,,,,,,,,,
Kyrgyzstan,KGZ,AS,2000,11,1.45,,,,,,5.06,23.77,,,,,,,,,,,
Kyrgyzstan,KGZ,AS,2000,12,1.46,,,,,,5.29,25.56,,,,,,,,,,,
Kyrgyzstan,KGZ,AS,2001,1,1.42,,,,,,5.09,26.22,,,,,,,,,,,
Kyrgyzstan,KGZ,AS,2001,2,1.47,,,,,,5.06,24.92,,,,,,,,,,,
Kyrgyzstan,KGZ,AS,2001,3,1.52,,,,,,5.18,22.34,,,,,,,,,,,
Kyrgyzstan,KGZ,AS,2001,4,1.61,,,,,,5.23,21.03,,,,,,,,,,,
Kyrgyzstan,KGZ,AS,2001,5,1.56,,,,,,5.1,19.06,,,,,,,,,,,
Kyrgyzstan,KGZ,AS,2001,6,1.45,,,,,,5.11,16.91,,,,,,,,,,,
Kyrgyzstan,KGZ,AS,2001,7,1.49,,,,,,5.35,16.7,,,,,,,,,,,
Kyrgyzstan,KGZ,AS,2001,8,1.51,,,,,,5.43,16.25,,,,,,,,,,,
Kyrgyzstan,KGZ,AS,2001,9,1.38,,,,,,5.75,19.01,,,,,,,,,,,
Kyrgyzstan,KGZ,AS,2001,10,1.37,,,,,,5.77,17.01,,,,,,,,,,,
Kyrgyzstan,KGZ,AS,2001,11,1.44,,,,,,5.94,17.82,,,,,,,,,,,
Kyrgyzstan,KGZ,AS,2001,12,1.52,,,,,,6.19,16.68,,,,,,,,,,,
Kyrgyzstan,KGZ,AS,2002,1,1.5,,,,,,6.13,16.48,,,0.29,,,,,,,,
Kyrgyzstan,KGZ,AS,2002,2,1.51,,,,,,6.37,16.04,,,0.28,,,,,,,,
Kyrgyzstan,KGZ,AS,2002,3,1.58,,,,,,6.5,16.25,,,0.28,,,,,,,,
Kyrgyzstan,KGZ,AS,2002,4,1.58,,,,,,6.58,15.11,,,0.28,,,,,,,,
Kyrgyzstan,KGZ,AS,2002,5,1.67,,,,,,6.7,13.29,,,0.28,,,,,,,,
Kyrgyzstan,KGZ,AS,2002,6,1.59,,,,,,6.92,13.49,,,0.26,,,,,,,,
Kyrgyzstan,KGZ,AS,2002,7,1.59,,,,,,7.06,12.1,,,0.28,,,,,,,,
Kyrgyzstan,KGZ,AS,2002,8,1.59,,,,,,7.25,12.11,,,0.28,,,,,,,,
Kyrgyzstan,KGZ,AS,2002,9,1.66,,,,,,7.53,12.56,,,0.3,,,,,,,,
Kyrgyzstan,KGZ,AS,2002,10,1.72,,,,,,8.13,12.07,,,0.3,,,,,,,,
Kyrgyzstan,KGZ,AS,2002,11,1.76,,,,,,8.27,12.06,,,0.31,,,,,,,,
Kyrgyzstan,KGZ,AS,2002,12,2.01,,,,,,8.3,11.89,,,0.32,,,,,,,,
Kyrgyzstan,KGZ,AS,2003,1,2.01,,,,,90.8,8.78,11.46,,,0.31,,,,,,,,
Kyrgyzstan,KGZ,AS,2003,2,1.98,,,,,91.2,8.69,11.02,,,0.31,0.44,,,,,,,
Kyrgyzstan,KGZ,AS,2003,3,2.03,,,,,91.8,8.76,9.37,,,0.33,0.66,,,,,,,
Kyrgyzstan,KGZ,AS,2003,4,2.1,,,,,92.7,8.99,10.59,,,0.32,0.98,,,,,,,
Kyrgyzstan,KGZ,AS,2003,5,2.18,,,,,94,9.15,11.53,,,0.33,1.4,,,,,,,
Kyrgyzstan,KGZ,AS,2003,6,2.24,,,,,92.2,9.36,11.16,,,0.33,-1.91,,,,,,,
Kyrgyzstan,KGZ,AS,2003,7,2.35,,,,,90.6,9.5,10.84,,,0.34,-1.74,,,,,,,
Kyrgyzstan,KGZ,AS,2003,8,2.36,,,,,90,9.71,11.15,,,0.34,-0.66,,,,,,,
Kyrgyzstan,KGZ,AS,2003,9,2.49,,,,,89.9,9.71,6.82,,,0.36,-0.11,,,,,,,
Kyrgyzstan,KGZ,AS,2003,10,2.62,,,,,92.3,10.62,9.67,,,0.37,2.67,,,,,,,
Kyrgyzstan,KGZ,AS,2003,11,2.84,,,,,94.2,11.07,9.36,,,0.38,2.06,,,,,,,
Kyrgyzstan,KGZ,AS,2003,12,2.89,,,,,95,11.09,8.77,,,0.39,0.85,,,,,,,
Kyrgyzstan,KGZ,AS,2004,1,2.85,,,,,95.9,11.65,9.41,,,0.41,0.95,5.62,,,,,,
Kyrgyzstan,KGZ,AS,2004,2,2.99,,,,,96.1,11.7,8.84,,,0.4,0.21,5.37,,,,,,
Kyrgyzstan,KGZ,AS,2004,3,3.34,,,,,96.2,11.57,10.12,,,0.4,0.1,4.79,,,,,,
Kyrgyzstan,KGZ,AS,2004,4,3.57,,,,,95.6,11.9,9.06,,,0.39,-0.62,3.13,,,,,,
Kyrgyzstan,KGZ,AS,2004,5,3.92,,,,,95.6,12.13,9.39,,,0.39,0,1.7,,,,,,
Kyrgyzstan,KGZ,AS,2004,6,4.17,,,,,95.9,11.88,8.88,,,0.39,0.31,4.01,,,,,,
Kyrgyzstan,KGZ,AS,2004,7,4.41,,,,,95.7,12.29,8.79,,,0.4,-0.21,5.63,,,,,,
Kyrgyzstan,KGZ,AS,2004,8,4.58,,,,,94.9,12.35,9.87,,,0.42,-0.84,5.44,,,,,,
Kyrgyzstan,KGZ,AS,2004,9,4.9,,,,,95.2,12.05,8.63,,,0.52,0.32,5.9,43.1151,,,,,
Kyrgyzstan,KGZ,AS,2004,10,5.08,,,,,95.1,12.94,9.01,,,0.53,-0.11,3.03,42.5192,,,,,
Kyrgyzstan,KGZ,AS,2004,11,5.29,,,,,96.1,13.21,9.05,,,0.56,1.05,2.02,41.4404,,,,,
Kyrgyzstan,KGZ,AS,2004,12,5.81,,,,,97.6,13.57,9.19,,,0.57,1.56,2.74,41.208,,,,,
Kyrgyzstan,KGZ,AS,2005,1,5.66,,,,,98.6,13.83,8.81,,,0.56,1.02,2.82,41.0583,,,,,
Kyrgyzstan,KGZ,AS,2005,2,5.86,,,,,98.6,13.97,8.39,,,0.56,0,2.6,41.1357,,,,,
Kyrgyzstan,KGZ,AS,2005,3,6.01,,,,,98.9,13.68,8.65,,,0.56,0.3,2.81,40.9846,,,,,
Kyrgyzstan,KGZ,AS,2005,4,5.98,,,,,99.5,13.76,8.37,,,0.55,0.61,4.08,41.3142,,,,,
Kyrgyzstan,KGZ,AS,2005,5,6.02,,,,,100.8,13.8,9.37,,,0.54,1.31,5.44,41.0143,,,,,
Kyrgyzstan,KGZ,AS,2005,6,6.21,,,,,101.1,13.84,8.66,,,0.54,0.3,5.42,40.9989,,,,,
Kyrgyzstan,KGZ,AS,2005,7,6.39,,,,,99.8,14.5,8.96,,,0.54,-1.29,4.28,40.9836,,,,,
Kyrgyzstan,KGZ,AS,2005,8,6.62,,,,,99.2,14.96,9.35,,,0.56,-0.6,4.53,40.9584,,,,,
Kyrgyzstan,KGZ,AS,2005,9,6.8,,,,,99.7,15.04,9.31,,,0.57,0.5,4.73,40.8908,,,,,
Kyrgyzstan,KGZ,AS,2005,10,7.04,,,,,100.3,15.59,9.58,,,0.57,0.6,5.47,40.8508,,,,,
Kyrgyzstan,KGZ,AS,2005,11,7.4,,,,,101.2,15.71,9.53,,,0.58,0.9,5.31,40.9121,,,,,
Kyrgyzstan,KGZ,AS,2005,12,7.71,,,,,102.4,15.96,9.78,,,0.61,1.19,4.92,41.2685,,,,,
Kyrgyzstan,KGZ,AS,2006,1,7.74,,,,,103.8,15.77,9.65,,,0.62,1.37,5.27,41.3431,,,,,
Kyrgyzstan,KGZ,AS,2006,2,8,,,,,105.1,15.88,9.72,,,0.61,1.25,6.59,41.421,,,,,
Kyrgyzstan,KGZ,AS,2006,3,8.49,,,,,105.5,16.05,10.28,,,0.61,0.38,6.67,41.3818,,,,,
Kyrgyzstan,KGZ,AS,2006,4,8.92,,,,,106,17.05,10.62,,,0.63,0.47,6.53,41.061,,,,,
Kyrgyzstan,KGZ,AS,2006,5,9.05,,,,,106.2,17.33,10.41,,,0.65,0.19,5.36,40.7302,,,,,
Kyrgyzstan,KGZ,AS,2006,6,9.32,,,,,106.6,18.29,10.11,,,0.65,0.38,5.44,40.3729,,,,,
Kyrgyzstan,KGZ,AS,2006,7,9.45,,,,,105.2,19.53,10.1,,,0.68,-1.31,5.41,39.9736,,,,,
Kyrgyzstan,KGZ,AS,2006,8,9.68,,,,,104.2,20.21,9.8,,,0.7,-0.95,5.04,39.6446,,,,,
Kyrgyzstan,KGZ,AS,2006,9,10.11,,,,,105,20.96,9.98,,,0.72,0.77,5.32,39.3482,,,,,
Kyrgyzstan,KGZ,AS,2006,10,10.4,,,,,105.3,21.75,9.97,,,0.76,0.29,4.99,39.1535,,,,,
Kyrgyzstan,KGZ,AS,2006,11,10.59,,,,,106.1,21.57,9.86,,,0.78,0.76,4.84,38.9402,,,,,
Kyrgyzstan,KGZ,AS,2006,12,11.35,,,,,107.6,24.11,10.36,,,0.82,1.41,5.08,38.5121,,,,,
Kyrgyzstan,KGZ,AS,2007,1,13.85,,,,,109.9,22.87,9.96,,,0.79,2.14,5.88,38.3712,,,,,
Kyrgyzstan,KGZ,AS,2007,2,14.65,,,,,109.7,23.48,10.3,,,0.81,-0.18,4.38,38.5558,,,,,
Kyrgyzstan,KGZ,AS,2007,3,15.66,,,,,109.8,24.02,10.14,,,0.83,0.09,4.08,38.1196,,,,,
Kyrgyzstan,KGZ,AS,2007,4,16.38,,,,,110,25.25,10.36,,,0.86,0.18,3.77,38.0494,,,,,
Kyrgyzstan,KGZ,AS,2007,5,17.32,,,,,111.7,26.22,10.38,,,0.9,1.55,5.18,37.978,,,,,
Kyrgyzstan,KGZ,AS,2007,6,18.44,,,,,112.5,27.81,10.95,,,0.94,0.72,5.53,37.9682,,,,,
Kyrgyzstan,KGZ,AS,2007,7,19.44,,,,,112.4,29.27,10.48,,,0.99,-0.09,6.84,37.894,,,,,
Kyrgyzstan,KGZ,AS,2007,8,20.43,,,,,114.5,30.45,10.3,,,1.03,1.87,9.88,37.8032,,,,,
Kyrgyzstan,KGZ,AS,2007,9,20.6,,,,,118.7,30.12,10.7,,,1.07,3.67,13.05,37.5216,,,,,
Kyrgyzstan,KGZ,AS,2007,10,19.8,,,,,129.3,30.45,10.43,,,1.09,8.93,22.79,35.0551,,,,,
Kyrgyzstan,KGZ,AS,2007,11,19.92,,,,,128.6,31.93,10.53,,,1.18,-0.54,21.21,34.7621,,,,,
Kyrgyzstan,KGZ,AS,2007,12,20.85,,,,,129.3,34.77,10.8,,,1.18,0.54,20.17,34.7914,,,,,
Kyrgyzstan,KGZ,AS,2008,1,20.95,,,,,131.8,32.87,10.56,,,1.16,1.93,19.93,35.6013,,,,,
Kyrgyzstan,KGZ,AS,2008,2,21.57,,,,,134,32.6,11.25,,,1.14,1.67,22.15,36.1303,,,,,
Kyrgyzstan,KGZ,AS,2008,3,22.56,,,,,137.1,33.83,10.76,,,1.14,2.31,24.86,36.4259,,,,,
Kyrgyzstan,KGZ,AS,2008,4,23.59,,,,,138.6,34.98,10.81,,,1.12,1.09,26,36.4493,,,,,
Kyrgyzstan,KGZ,AS,2008,5,24.46,,,,,142.8,35.15,11.49,,,1.16,3.03,27.84,36.4462,,,,,
Kyrgyzstan,KGZ,AS,2008,6,24.7,,,,,148.9,36.94,11.11,,,1.23,4.27,32.36,36.4497,,,,,
Kyrgyzstan,KGZ,AS,2008,7,24.84,,,,,148.8,38.99,11.15,,,1.3,-0.07,32.38,35.4928,,,,,
Kyrgyzstan,KGZ,AS,2008,8,24.65,,,,,148.3,39.81,10.97,,,1.28,-0.34,29.52,34.7916,,,,,
Kyrgyzstan,KGZ,AS,2008,9,25.75,,,,,149.4,39.31,11.51,,,1.28,0.74,25.86,35.662,,,,,
Kyrgyzstan,KGZ,AS,2008,10,26.72,,,,,150.8,39.34,11.37,,,1.13,0.94,16.63,37.4795,,,,,
Kyrgyzstan,KGZ,AS,2008,11,26.49,,,,,153,38.06,11.11,,,1.11,1.46,18.97,39.0442,,,,,
Kyrgyzstan,KGZ,AS,2008,12,25.61,,,,,155.1,38.21,11.19,,,1.22,1.37,19.95,39.4061,,,,,
Kyrgyzstan,KGZ,AS,2009,1,25.15,,,,,155.9,33.72,11.93,,,1.09,0.52,18.29,39.8127,,,,,
Kyrgyzstan,KGZ,AS,2009,2,25.06,,,,,156.4,31.83,11.99,,,1.03,0.32,16.72,41.0767,,,,,
Kyrgyzstan,KGZ,AS,2009,3,25.77,,,,,155.8,31.52,12.13,,,1.05,-0.38,13.64,42.1627,,,,,
Kyrgyzstan,KGZ,AS,2009,4,25.97,,,,,156.4,33.37,12.59,,,1.48,0.39,12.84,42.5749,,,,,
Kyrgyzstan,KGZ,AS,2009,5,25.62,,,,,156.8,34.3,12.12,,,1.54,0.26,9.8,43.0248,,,,,
Kyrgyzstan,KGZ,AS,2009,6,25.45,,,,,156,36.33,12.18,,,1.59,-0.51,4.77,43.0997,,,,,
Kyrgyzstan,KGZ,AS,2009,7,25.25,,,,,153.9,37.8,11.87,,,1.6,-1.35,3.43,43.4184,,,,,
Kyrgyzstan,KGZ,AS,2009,8,25.44,,,,,152.3,37.58,12.76,,,1.7,-1.04,2.7,43.7124,,,,,
Kyrgyzstan,KGZ,AS,2009,9,25.2,,,,,152.5,38,12.89,,,1.5,0.13,2.07,43.9435,,,,,
Kyrgyzstan,KGZ,AS,2009,10,25.56,,,,,152.7,39.5,12.68,,,1.55,0.13,1.26,43.667,,,,,
Kyrgyzstan,KGZ,AS,2009,11,25.45,,,,,153.6,39.78,12.59,,,1.58,0.59,0.39,43.8405,,,,,
Kyrgyzstan,KGZ,AS,2009,12,25.21,,,,,155.1,43.49,12.79,,,1.59,0.98,0,44.0472,,,,,
Kyrgyzstan,KGZ,AS,2010,1,24.91,,,,,157,40.95,11.89,,,1.57,1.23,0.71,44.2046,,,,,
Kyrgyzstan,KGZ,AS,2010,2,25.26,,,,,160.9,41.24,12.2,,,1.56,2.48,2.88,44.6196,,,,,
Kyrgyzstan,KGZ,AS,2010,3,26.02,,,,,162.5,42.77,12.51,,,1.62,0.99,4.3,44.8463,,,,,
Kyrgyzstan,KGZ,AS,2010,4,25.6,,,,,160.9,43.99,12.68,,,1.65,-0.98,2.88,45.2448,,,,,
Kyrgyzstan,KGZ,AS,2010,5,25.47,,,,,161.3,42.89,12.1,,,1.57,0.25,2.87,45.46,,,,,
Kyrgyzstan,KGZ,AS,2010,6,25.76,,,,,161.5,45.92,12.35,,,1.57,0.12,3.53,45.9982,,,,,
Kyrgyzstan,KGZ,AS,2010,7,25.91,,,,,163.1,46.09,12.11,,,1.57,0.99,5.98,46.0868,,,,,
Kyrgyzstan,KGZ,AS,2010,8,26.25,,,,,166.2,48.6,12.47,,,1.6,1.9,9.13,46.6483,,,,,
Kyrgyzstan,KGZ,AS,2010,9,26.47,,,,,171,49.39,12.3,,,1.68,2.89,12.13,46.7397,,,,,
Kyrgyzstan,KGZ,AS,2010,10,26.74,,,,,175.4,50.78,11.94,,,1.73,2.57,14.87,46.7644,,,,,
Kyrgyzstan,KGZ,AS,2010,11,23.85,,,,,180.5,50.18,12.33,,,1.72,2.91,17.51,46.7725,,,,,
Kyrgyzstan,KGZ,AS,2010,12,26.38,,,,,184.9,53.75,12.5,,,1.72,2.44,19.21,46.9761,,,,,
Kyrgyzstan,KGZ,AS,2011,1,26.27,,,,,189.8,50.3,12.32,,,1.7,2.65,20.89,47.2772,,,,,
Kyrgyzstan,KGZ,AS,2011,2,26.85,,,,,192.5,49.91,12.15,,,1.73,1.42,19.64,47.433,,,,,
Kyrgyzstan,KGZ,AS,2011,3,26.75,,,,,196.8,51.16,12.49,,,1.8,2.23,21.11,47.4148,,,,,
Kyrgyzstan,KGZ,AS,2011,4,27.68,,,,,197.6,52.33,11.93,,,1.86,0.41,22.81,47.0648,,,,,
Kyrgyzstan,KGZ,AS,2011,5,27.83,,,,,197,54.01,12.22,,,1.9,-0.3,22.13,46.3059,,,,,
Kyrgyzstan,KGZ,AS,2011,6,28.6,,,,,198.3,56.32,12.04,,,1.91,0.66,22.79,45.24,,,,,
Kyrgyzstan,KGZ,AS,2011,7,28.89,,,,,197.6,59.58,12.04,,,1.96,-0.35,21.15,45.0737,,,,,
Kyrgyzstan,KGZ,AS,2011,8,29.47,,,,,195.3,59.48,12.46,,,1.96,-1.16,17.51,44.6827,,,,,
Kyrgyzstan,KGZ,AS,2011,9,30.05,,,,,193.1,58.72,12.61,,,1.85,-1.13,12.92,45.0039,,,,,
Kyrgyzstan,KGZ,AS,2011,10,30.54,,,,,192.1,59.45,13.15,,,1.9,-0.52,9.52,45.2543,,,,,
Kyrgyzstan,KGZ,AS,2011,11,31.17,,,,,193.5,57.78,13.13,,,1.79,0.73,7.2,46.2146,,,,,
Kyrgyzstan,KGZ,AS,2011,12,31.22,,,,,195.4,62.13,13.48,,,1.83,0.98,5.68,46.6145,,,,,
Kyrgyzstan,KGZ,AS,2012,1,30.94,,,,,197,58.66,12.8,,,1.85,0.82,3.79,46.6759,,,,,
Kyrgyzstan,KGZ,AS,2012,2,31.5,,,,,197.1,60.05,12.6,,,1.9,0.05,2.39,46.7771,,,,,
Kyrgyzstan,KGZ,AS,2012,3,32.69,,,,,197.1,62.56,12.51,,,1.86,0,0.15,46.6793,,,,,
Kyrgyzstan,KGZ,AS,2012,4,33.82,,,,,196.6,63.5,12.55,,,1.88,-0.25,-0.51,46.7944,,,,,
Kyrgyzstan,KGZ,AS,2012,5,34.28,,,,,198,65.1,12.23,,,1.88,0.71,0.51,47.0571,,,,,
Kyrgyzstan,KGZ,AS,2012,6,34.9,,,,,197.2,67.25,12.38,,,1.9,-0.4,-0.55,47.2017,,,,,
Kyrgyzstan,KGZ,AS,2012,7,35.04,,,,,197.5,69.5,12.35,,,1.92,0.15,-0.05,47.1989,,,,,
Kyrgyzstan,KGZ,AS,2012,8,35.66,,,,,199.4,70.24,12.69,,,1.95,0.96,2.1,46.8734,,,,,
Kyrgyzstan,KGZ,AS,2012,9,36.14,,,,,201.5,71.1,12.7,,,1.97,1.05,4.35,47.0309,,,,,
Kyrgyzstan,KGZ,AS,2012,10,36.22,,,,,205.3,71.35,12.61,,,1.95,1.89,6.87,47.087,,,,,
Kyrgyzstan,KGZ,AS,2012,11,39.56,,,,,207,71.78,12.37,,,1.97,0.83,6.98,47.2659,,,,,
Kyrgyzstan,KGZ,AS,2012,12,40.11,,,,,210.1,77.46,12.46,,,2.07,1.5,7.52,47.4034,,,,,
Kyrgyzstan,KGZ,AS,2013,1,40.14,,,,,211.8,75.37,12.01,,,2.07,0.81,7.51,47.5157,,,,,
Kyrgyzstan,KGZ,AS,2013,2,41.02,,,,,212.6,74.66,12.16,,,2.06,0.38,7.86,47.7991,,,,,
Kyrgyzstan,KGZ,AS,2013,3,42.54,,,,,212.5,76.37,11.83,,,2.04,-0.05,7.81,47.8222,,,,,
Kyrgyzstan,KGZ,AS,2013,4,44.49,,,,,212.3,78.83,11.95,,,2.02,-0.09,7.99,48.1934,,,,,
Kyrgyzstan,KGZ,AS,2013,5,45.73,,,,,213,79.83,11.93,,,2.05,0.33,7.58,48.1881,,,,,
Kyrgyzstan,KGZ,AS,2013,6,46.96,,,,,213.3,82.21,12.07,,,2.03,0.14,8.16,48.5,,,,,
Kyrgyzstan,KGZ,AS,2013,7,48.22,,,,,212.7,83.92,11.78,,,2.07,-0.28,7.7,48.8544,,,,,
Kyrgyzstan,KGZ,AS,2013,8,49.26,,,,,212.5,84.07,11.72,,,2.08,-0.09,6.57,48.7284,,,,,
Kyrgyzstan,KGZ,AS,2013,9,50.09,,,,,213.5,84.28,11.82,,,2.11,0.47,5.96,48.945,,,,,
Kyrgyzstan,KGZ,AS,2013,10,51.5,,,,,214.3,85.18,11.9,,,2.14,0.37,4.38,48.6911,,,,,
Kyrgyzstan,KGZ,AS,2013,11,52.79,,,,,216,84.65,11.6,,,2.14,0.79,4.35,48.7435,,,,,
Kyrgyzstan,KGZ,AS,2013,12,53.96,,,,,218.4,90.96,12.03,,,2.24,1.11,3.95,49.2542,,,,,
Kyrgyzstan,KGZ,AS,2014,1,54.81,,,,,219.5,88.66,11.95,,,2.21,0.5,3.64,49.8486,,,,,
Kyrgyzstan,KGZ,AS,2014,2,57.83,,,,,221.2,83.87,11.96,,,2.1,0.77,4.05,51.364,,,,,
Kyrgyzstan,KGZ,AS,2014,3,61.34,,,,,225.9,83.65,11.81,,,2.12,2.12,6.31,54.2125,,,,,
Kyrgyzstan,KGZ,AS,2014,4,63.91,,,,,228.1,87.37,11.78,,,2.14,0.97,7.44,54.4178,,,,,
Kyrgyzstan,KGZ,AS,2014,5,65.02,,,,,230.3,89.15,12.17,,,2.18,0.96,8.12,52.6348,,,,,
Kyrgyzstan,KGZ,AS,2014,6,66.76,,,,,231.4,91.44,12.12,,,2.18,0.48,8.49,52.1831,,,,,
Kyrgyzstan,KGZ,AS,2014,7,67.93,,,,,229.4,90.86,11.83,,,2.26,-0.86,7.85,51.8816,,,,,
Kyrgyzstan,KGZ,AS,2014,8,70.19,,,,,228.4,90.31,12.34,,,2.22,-0.44,7.48,52.0908,,,,,
Kyrgyzstan,KGZ,AS,2014,9,72.5,,,,,229.3,86.06,12.09,,,2.12,0.39,7.4,53.9214,,,,,
Kyrgyzstan,KGZ,AS,2014,10,76.11,,,,,233.3,84.43,11.96,,,2.05,1.74,8.87,55.2381,,,,,
Kyrgyzstan,KGZ,AS,2014,11,76.92,,,,,237.9,82.84,12.09,,,1.97,1.97,10.14,57.5622,,,,,
Kyrgyzstan,KGZ,AS,2014,12,78.76,,,,,241.3,82.39,12.18,,,1.96,1.43,10.49,57.9731,,,,,
Kyrgyzstan,KGZ,AS,2015,1,78.46,,,,,244.9,77.25,12.76,,,1.87,1.49,11.57,59.4818,,,,,
Kyrgyzstan,KGZ,AS,2015,2,79.47,,,,,245.5,74.75,13.01,,,1.82,0.24,10.99,60.7672,,,,,
Kyrgyzstan,KGZ,AS,2015,3,88.92,,,,,245,72.59,12.93,,,1.75,-0.2,8.46,62.1602,,,,,
Kyrgyzstan,KGZ,AS,2015,4,87.19,,,,,246.1,76.46,12.78,,,1.88,0.45,7.89,62.8147,,,,,
Kyrgyzstan,KGZ,AS,2015,5,85.82,,,,,244.2,76.54,13.24,,,1.91,-0.77,6.04,58.9058,,,,,
Kyrgyzstan,KGZ,AS,2015,6,88.67,,,,,241.9,78.98,13.18,,,1.96,-0.94,4.54,59.9168,,,,,
Kyrgyzstan,KGZ,AS,2015,7,88.66,,,,,240.8,82.05,13.1,,,1.89,-0.45,4.97,62.1507,,,,,
Kyrgyzstan,KGZ,AS,2015,8,91.4,,,,,241.5,83.04,13.31,,,1.86,0.29,5.74,62.6264,,,,,
Kyrgyzstan,KGZ,AS,2015,9,93.65,,,,,244,81.12,13.48,,,1.8,1.04,6.41,67.7926,,,,,
Kyrgyzstan,KGZ,AS,2015,10,93.05,,,,,244.8,81.98,13.39,,,1.9,0.33,4.93,68.8982,,,,,
Kyrgyzstan,KGZ,AS,2015,11,95.83,,,,,247,76.46,13.49,,,1.74,0.9,3.83,71.5762,,,,,
Kyrgyzstan,KGZ,AS,2015,12,93.95,,,,,249.4,82.27,13.79,,,1.78,0.97,3.36,75.8688,,,,,
Kyrgyzstan,KGZ,AS,2016,1,96.33,,,,,249.3,73.44,14.15,,,1.69,-0.04,1.8,75.8884,,,,,
Kyrgyzstan,KGZ,AS,2016,2,93.18,,,,,248.7,76.48,14.11,,,1.79,-0.24,1.3,74.8675,,,,,
Kyrgyzstan,KGZ,AS,2016,3,91.38,,,,,246.4,85.04,13.78,,,1.95,-0.92,0.57,72.299,,,,,
Kyrgyzstan,KGZ,AS,2016,4,91.76,,,,,244.5,93.01,13.85,,,1.97,-0.77,-0.65,69.068,,,,,
Kyrgyzstan,KGZ,AS,2016,5,90.8,,,,,244.9,92.54,13.46,,,1.96,0.16,0.29,68.3646,,,,,
Kyrgyzstan,KGZ,AS,2016,6,90.43,,,,,245,99.37,13.32,,,2,0.04,1.28,67.8757,,,,,
Kyrgyzstan,KGZ,AS,2016,7,90.78,,,,,243.7,102.35,13.17,,,1.99,-0.53,1.2,67.3001,,,,,
Kyrgyzstan,KGZ,AS,2016,8,92.1,,,,,242.7,104.15,13.32,,,2.03,-0.41,0.5,68.5918,,,,,
Kyrgyzstan,KGZ,AS,2016,9,91.62,,,,,243.3,106.67,13.27,,,1.98,0.25,-0.29,68.7532,,,,,
Kyrgyzstan,KGZ,AS,2016,10,92.08,,,,,244.4,107.33,13.25,,,1.94,0.45,-0.16,68.2677,,,,,
Kyrgyzstan,KGZ,AS,2016,11,92.23,,,,,245.6,106.68,12.81,,,1.92,0.49,-0.57,68.9558,,,,,
Kyrgyzstan,KGZ,AS,2016,12,93.5,,,,,248.2,115.44,12.59,,,1.97,1.06,-0.48,69.2706,,,,,
Kyrgyzstan,KGZ,AS,2017,1,92.06,,,,,250.6,110.92,14.03,,,1.98,0.97,0.52,69.3711,,,,,
Kyrgyzstan,KGZ,AS,2017,2,92.62,,,,,252,111.36,13.94,,,1.99,0.56,1.33,69.2562,,,,,
Kyrgyzstan,KGZ,AS,2017,3,94.55,,,,,253.3,115.84,13.78,,,1.97,0.52,2.8,69.1167,,,,,
Kyrgyzstan,KGZ,AS,2017,4,96.03,,,,,253.7,120.14,13.63,,,1.98,0.16,3.76,68.0604,,,,,
Kyrgyzstan,KGZ,AS,2017,5,99.24,,,,,254.1,124.13,13.33,,,2.06,0.16,3.76,67.7929,,,,,
Kyrgyzstan,KGZ,AS,2017,6,101.95,,,,,255,128.04,13.05,,,2.03,0.35,4.08,68.5063,,,,,
Kyrgyzstan,KGZ,AS,2017,7,103.48,,,,,252.5089,131.38,12.66,,,2.06,-0.98,3.61,69.183,,,,,
Kyrgyzstan,KGZ,AS,2017,8,104.93,,,,,251.9526,134.65,12.41,,,2.09,-0.22,3.81,68.8857,,,,,
Kyrgyzstan,KGZ,AS,2017,9,105.73,,,,,251.219,136.29,12.29,,,2.13,-0.29,3.25,68.5512,,,,,
Kyrgyzstan,KGZ,AS,2017,10,105.97,,,,,253.061,137.53,12.27,,,2.12,0.73,3.54,68.527,,,,,
Kyrgyzstan,KGZ,AS,2017,11,106.74,,,,,255.4422,134.14,12.3,,,2.1,0.94,4.01,69.5316,,,,,
Kyrgyzstan,KGZ,AS,2017,12,108.33,,,,,257.2298,142.86,12.19,,,2.18,0.7,3.64,69.6126,,,,,
Kyrgyzstan,KGZ,AS,2018,1,107.05,,,,,258.6645,136.65,12.15,,,2.22,0.56,3.22,69.011,,,,,
Kyrgyzstan,KGZ,AS,2018,2,107.89,,,,,260.8715,136.64,12.09,,,2.21,0.85,3.52,68.3249,,,,,
Kyrgyzstan,KGZ,AS,2018,3,110.65,,,,,260.1461,140.34,12,,,2.21,-0.28,2.7,68.2055,,,,,
Kyrgyzstan,KGZ,AS,2018,4,114.72,,,,,258.8411,142.54,11.93,,,2.19,-0.5,2.03,68.6492,,,,,
Kyrgyzstan,KGZ,AS,2018,5,116.55,,,,,257.5703,142.6,11.78,,,2.18,-0.49,1.37,68.549,,,,,
Kyrgyzstan,KGZ,AS,2018,6,119.56,,,,,256.956,146.72,11.57,,,2.16,-0.24,0.77,68.309,,,,,
Kyrgyzstan,KGZ,AS,2018,7,121.17,,,,,255.216,148.25,11.39,,,2.16,-0.68,1.07,68.21,,,,,
Kyrgyzstan,KGZ,AS,2018,8,123.41,,,,,254.1384,149.27,11.36,,,2.13,-0.42,0.87,68.7189,,,,,
Kyrgyzstan,KGZ,AS,2018,9,123.88,,,,,254.3256,147.22,11.23,,,2.09,0.07,1.24,69.2077,,,,,
Kyrgyzstan,KGZ,AS,2018,10,125.06,,,,,254.9939,149.89,11.08,,,2.11,0.26,0.76,69.306,,,,,
Kyrgyzstan,KGZ,AS,2018,11,126.04,,,,,256.7364,148.7,11.01,,,2.11,0.68,0.51,69.8344,,,,,
Kyrgyzstan,KGZ,AS,2018,12,127.88,,,,,258.4808,154.58,11.06,,,2.16,0.68,0.49,69.844,,,,,
Kyrgyzstan,KGZ,AS,2019,1,126.41,,,,,259.5846,148.42,11.15,,,2.17,0.43,0.36,69.8333,,,,,
Kyrgyzstan,KGZ,AS,2019,2,127.25,,,,,259.0741,150.12,11.1,,,2.18,-0.2,-0.69,69.7558,,,,,
Kyrgyzstan,KGZ,AS,2019,3,130.63,,,,,258.4224,154.86,11.08,,,2.2,-0.25,-0.66,69.7825,,,,,
Kyrgyzstan,KGZ,AS,2019,4,134.29,,,,,257.4773,158.2,10.98,,,2.18,-0.37,-0.53,69.7963,,,,,
Kyrgyzstan,KGZ,AS,2019,5,136.4,,,,,257.7928,161.71,10.86,,,2.17,0.12,0.09,69.8495,,,,,
Kyrgyzstan,KGZ,AS,2019,6,138.55,,,,,259.3168,166.04,10.71,,,2.24,0.59,0.92,69.7223,,,,,
Kyrgyzstan,KGZ,AS,2019,7,140.04,,,,,259.1649,171.68,10.42,,,2.27,-0.06,1.55,69.6486,,,,,
Kyrgyzstan,KGZ,AS,2019,8,142.25,,,,,259.2513,173.91,10.37,,,2.34,0.03,2.01,69.7987,,,,,
Kyrgyzstan,KGZ,AS,2019,9,142.78,,,,,260.1114,172.9,10.3,,,2.29,0.33,2.27,69.8155,,,,,
Kyrgyzstan,KGZ,AS,2019,10,144.07,,,,,261.5025,175.63,10.29,,,2.29,0.53,2.55,69.8138,,,,,
Kyrgyzstan,KGZ,AS,2019,11,144.2,,,,,263.9406,173.25,10.35,,,2.37,0.93,2.81,69.839,,,,,
Kyrgyzstan,KGZ,AS,2019,12,146.44,,,,,266.3804,181.77,10.75,,,2.42,0.92,3.06,69.8062,,,,,
Kyrgyzstan,KGZ,AS,2020,1,145.78,,,,,267.9758,178.51,10.42,,,2.43,0.6,3.23,69.7065,,,,,
Kyrgyzstan,KGZ,AS,2020,2,145.31,,,,,269.6572,177.55,10.41,,,2.39,0.63,4.08,69.8496,,,,,
Kyrgyzstan,KGZ,AS,2020,3,153.75,,,,,273.6974,179.43,10.45,,,2.36,1.5,5.91,73.6973,,,,,
Kyrgyzstan,KGZ,AS,2020,4,151.26,,,,,279.6312,187.3,10.48,,,2.4,2.17,8.6,81.111,,,,,
Kyrgyzstan,KGZ,AS,2020,5,148.22,,,,,276.2407,194.09,10.45,,,2.56,-1.21,7.16,76.3819,,,,,
Kyrgyzstan,KGZ,AS,2020,6,153.37,,,,,274.4749,204.42,10.38,,,2.64,-0.64,5.85,74.6858,,,,,
Kyrgyzstan,KGZ,AS,2020,7,154.39,,,,,272.9453,210.93,10.4,,,2.75,-0.56,5.32,77.3281,,,,,
Kyrgyzstan,KGZ,AS,2020,8,157.36,,,,,272.2894,214.94,10.47,,,3.07,-0.24,5.03,77.7075,,,,,
Kyrgyzstan,KGZ,AS,2020,9,159.41,,,,,274.1952,215.92,10.5,,,2.99,0.7,5.41,79.0376,,,,,
Kyrgyzstan,KGZ,AS,2020,10,160.81,,,,,280.4441,215.65,10.48,,,2.94,2.28,7.24,80.5027,,,,,
Kyrgyzstan,KGZ,AS,2020,11,162,,,,,285.581,208.03,10.79,,,2.82,1.83,8.2,84.3006,,,,,
Kyrgyzstan,KGZ,AS,2020,12,162.55,,,,,292.2782,219.1,10.45,,,2.81,2.35,9.72,83.3246,,,,,
Kyrgyzstan,KGZ,AS,2021,1,179.04,,,,,295.0846,212.09,11.18,,,2.68,0.96,10.12,84.0952,,,,,
Kyrgyzstan,KGZ,AS,2021,2,183.1,,,,,298.2504,210.56,10.43,,,2.7,1.07,10.6,84.6262,,,,,
Kyrgyzstan,KGZ,AS,2021,3,182.74,,,,,301.4962,213.38,10.45,,,2.59,1.09,10.16,84.7982,,,,,
Kyrgyzstan,KGZ,AS,2021,4,185.86,,,,,304.0724,212.88,10.46,,,2.48,0.85,8.74,84.7944,,,,,
Kyrgyzstan,KGZ,AS,2021,5,187.1,,,,,306.4058,218.16,10.52,,,2.47,0.77,10.92,84.2386,,,,,
Kyrgyzstan,KGZ,AS,2021,6,190.06,,,,,313.4834,229.03,10.66,,,2.55,2.31,14.21,84.5976,,,,,
Kyrgyzstan,KGZ,AS,2021,7,173.29,,,,,312.8502,234.05,10.88,,,2.57,-0.2,14.62,84.6807,,,,,
Kyrgyzstan,KGZ,AS,2021,8,174.39,,,,,310.5379,238.95,10.96,,,2.78,-0.74,14.05,84.7265,,,,,
Kyrgyzstan,KGZ,AS,2021,9,175.64,,,,,311.2983,241.14,11.16,,,3.15,0.24,13.53,84.7956,,,,,
Kyrgyzstan,KGZ,AS,2021,10,176.79,,,,,315.4196,244.51,11.28,,,3.06,1.32,12.47,84.7977,,,,,
Kyrgyzstan,KGZ,AS,2021,11,178.61,,,,,320.7365,241.87,11.29,,,2.86,1.69,12.31,84.7908,,,,,
Kyrgyzstan,KGZ,AS,2021,12,181.78,,,,,324.9521,253.19,11.27,,,2.89,1.31,11.18,84.7929,,,,,
Kyrgyzstan,KGZ,AS,2022,1,179.04,,,,,328.1069,234.77,11.18,,,2.76,0.97,11.19,84.7951,,,,,
Kyrgyzstan,KGZ,AS,2022,2,183.1,,,,,330.5489,231.6,11.1,,,2.82,0.74,10.83,85.1356,,,,,
Kyrgyzstan,KGZ,AS,2022,3,182.74,,,,,341.2671,231.74,11.29,,,2.76,3.24,13.19,99.9358,,,,,
Kyrgyzstan,KGZ,AS,2022,4,185.86,,,,,348.1295,245.84,11.59,,,2.6,2.01,14.49,83.4037,,,,,
Kyrgyzstan,KGZ,AS,2022,5,187.1,,,,,349.2363,249.51,11.99,,,2.59,0.32,13.98,81.4354,,,,,
Kyrgyzstan,KGZ,AS,2022,6,190.06,,,,,354.4538,276.77,12.42,,,2.64,1.49,13.07,79.5039,,,,,
Kyrgyzstan,KGZ,AS,2022,7,193.16,,,,,356.101,289.49,12.7,,,2.55,0.46,13.82,81.0139,,,,,
Kyrgyzstan,KGZ,AS,2022,8,193.18,,,,,358.843,293.21,13.06,,,2.57,0.77,15.56,81.6841,,,,,
Kyrgyzstan,KGZ,AS,2022,9,194.22,,,,,359.4939,302.09,13.18,,,2.5,0.18,15.48,81.2316,,,,,
Kyrgyzstan,KGZ,AS,2022,10,197.63,,,,,364.1104,310.18,13.14,,,2.59,1.28,15.44,82.2079,,,,,
Kyrgyzstan,KGZ,AS,2022,11,199.58,,,,,368.7629,318.97,13.02,,,2.78,1.28,14.97,84.2451,,,,,
Kyrgyzstan,KGZ,AS,2022,12,204.03,,,,,372.7126,335.51,12.85,,,2.8,1.07,14.7,85.1505,,,,,
Kyrgyzstan,KGZ,AS,2023,1,201.14,,,,,378.4239,311.33,12.67,,,2.75,1.53,15.34,85.8555,,,,,
Kyrgyzstan,KGZ,AS,2023,2,204.65,,,,,384.0055,309.51,12.42,,,2.55,1.47,16.17,86.9691,,,,,
Kyrgyzstan,KGZ,AS,2023,3,209.43,,,,,384.6513,316.22,12.21,,,2.49,0.17,12.71,87.4198,,,,,
Kyrgyzstan,KGZ,AS,2023,4,215.59,,,,,385.3361,323.76,12.14,,,2.34,0.18,10.69,87.4795,,,,,
Kyrgyzstan,KGZ,AS,2023,5,222.09,,,,,388.4123,327.45,12.1,,,2.41,0.8,11.22,87.4426,,,,,
Kyrgyzstan,KGZ,AS,2023,6,228.37,,,,,391.2839,336.57,12.23,,,2.44,0.74,10.39,87.4563,,,,,
Kyrgyzstan,KGZ,AS,2023,7,232.98,,,,,392.6083,341.57,12.39,,,2.53,0.34,10.25,87.7103,,,,,
Kyrgyzstan,KGZ,AS,2023,8,239.89,,,,,392.8045,342.51,12.54,,,2.54,0.05,9.46,88.0878,,,,,
Kyrgyzstan,KGZ,AS,2023,9,244.29,,,,,393.8777,350.96,12.66,,,2.63,0.27,9.56,88.5528,,,,,
Kyrgyzstan,KGZ,AS,2023,10,250.5,,,,,397.334,341.2,12.7,,,2.83,0.88,9.12,89.1204,,,,,
Kyrgyzstan,KGZ,AS,2023,11,253.37,,,,,398.3455,344.03,12.86,,,3.06,0.25,8.02,89.1389,,,,,
Kyrgyzstan,KGZ,AS,2023,12,257.78,,,,,399.5594,373.63,13.04,,,3.24,0.3,7.2,89.1572,,,,,
Kyrgyzstan,KGZ,AS,2024,1,256.93,,,,,400.4798,364.18,13.16,,,3.31,0.23,5.83,89.26,,,,,
Kyrgyzstan,KGZ,AS,2024,2,259.12,,,,,403.45,367.26,13.26,,,3.32,0.74,5.06,89.4145,,,,,
Kyrgyzstan,KGZ,AS,2024,3,262.66,,,,,404.5091,380.27,13.42,,,3.49,0.26,5.16,89.4703,,,,,
Kyrgyzstan,KGZ,AS,2024,4,268.9,,,,,405.2183,394.22,13.51,,,3.66,0.18,5.16,89.1487,,,,,
Kyrgyzstan,KGZ,AS,2024,5,275.75,,,,,406.1197,410.33,13.52,,,3.72,0.22,4.56,88.096,,,,,
Kyrgyzstan,KGZ,AS,2024,6,281.05,,,,,409.0441,429.94,13.41,,,3.78,0.72,4.54,87.1482,,,,,
Kyrgyzstan,KGZ,AS,2024,7,286.86,,,,,408.7708,446.99,13.27,,,3.99,-0.07,4.12,85.0386,,,,,
Kyrgyzstan,KGZ,AS,2024,8,294.96,,,,,407.7079,445.38,13.19,,,4.13,-0.26,3.79,85.1517,,,,,
Kyrgyzstan,KGZ,AS,2024,9,300.76,,,,,413.266,451.26,13.09,,,4.3,1.36,4.92,84.3438,,,,,
Kyrgyzstan,KGZ,AS,2024,10,314.38,,,,,416.2578,465.07,13.02,,,4.93,0.72,4.76,85.331,,,,,
Kyrgyzstan,KGZ,AS,2024,11,324.89,,,,,421.1715,452.55,,,,,1.18,5.73,86.3713,,,,,
Kyrgyzstan,KGZ,AS,2024,12,340.73,,,,,424.8637,489.41,,,,,0.88,6.33,86.9183,,,,,
Kyrgyzstan,KGZ,AS,2025,1,347.18,,,,,427.4978,,,,,,0.62,6.75,87.2752,,,,,
Kyrgyzstan,KGZ,AS,2025,2,,,,,,431.6759,,,,,,0.98,7,87.45,,,,,
Kyrgyzstan,KGZ,AS,2025,3,,,,,,,,,,,,,,,,,,,
Kyrgyzstan,KGZ,AS,2025,4,,,,,,,,,,,,,,,,,,,
Kyrgyzstan,KGZ,AS,2025,5,,,,,,,,,,,,,,,,,,,
Kyrgyzstan,KGZ,AS,2025,6,,,,,,,,,,,,,,,,,,,
Kyrgyzstan,KGZ,AS,2025,7,,,,,,,,,,,,,,,,,,,
Kyrgyzstan,KGZ,AS,2025,8,,,,,,,,,,,,,,,,,,,
Kyrgyzstan,KGZ,AS,2025,9,,,,,,,,,,,,,,,,,,,
Kyrgyzstan,KGZ,AS,2025,10,,,,,,,,,,,,,,,,,,,
Kyrgyzstan,KGZ,AS,2025,11,,,,,,,,,,,,,,,,,,,
Kyrgyzstan,KGZ,AS,2025,12,,,,,,,,,,,,,,,,,,,
Russia,RUS,EU,1995,1,,,,,,,,,,,4.63,,,,,,,,
Russia,RUS,EU,1995,2,,,,,,,,,,,5.55,,,,,,,,
Russia,RUS,EU,1995,3,,,,,,,,,,,6.55,,,,,,,,
Russia,RUS,EU,1995,4,,,,,,,,,,,8.23,,,,,,,,
Russia,RUS,EU,1995,5,,,,,,,,,,,11.07,,,,,,,,
Russia,RUS,EU,1995,6,,,,,,,,,,,12.41,,,,,,,,
Russia,RUS,EU,1995,7,,,,,,,,,,,12.67,,,,,,,,
Russia,RUS,EU,1995,8,,,,,,,,,,,13.33,,,,,,,,
Russia,RUS,EU,1995,9,,,,,,,,,,,13.62,,,,,,,,
Russia,RUS,EU,1995,10,,,,,,,,,,,15.26,,,,,,,,
Russia,RUS,EU,1995,11,,,,,,,,,,,15.02,,,,,,,,
Russia,RUS,EU,1995,12,,,,,,,,,,,17.21,,,,,,,,
Russia,RUS,EU,1996,1,,,,,,,,,,,14.74,,,,,,,,
Russia,RUS,EU,1996,2,,,,,,,,,,,15.59,,,,,,,,
Russia,RUS,EU,1996,3,,,,,,,,,,,19.25,,,,,,,,
Russia,RUS,EU,1996,4,,,,,,,,,,,17.22,,,,,,,,
Russia,RUS,EU,1996,5,,,,,,,,,,,15.07,,,,,,,,
Russia,RUS,EU,1996,6,,,,,,,,,,,15.88,,,,,,,,
Russia,RUS,EU,1996,7,,,,,,,,,,,15.67,,,,,,,,
Russia,RUS,EU,1996,8,,,,,,,,,,,15.51,,,,,,,,
Russia,RUS,EU,1996,9,,,,,,,,,,,15.08,,,,,,,,
Russia,RUS,EU,1996,10,,,,,,,,,,,14.29,,,,,,,,
Russia,RUS,EU,1996,11,,,,,,,,,,,15.52,,,,,,,,
Russia,RUS,EU,1996,12,,,,,,,,,,,15.32,,,,,,,,
Russia,RUS,EU,1997,1,,,,,,,,,,,13.99,,,,,,,,
Russia,RUS,EU,1997,2,,,,,,,,,,,15.21,,,,,,,,
Russia,RUS,EU,1997,3,,,,,,,,,,,16.5,,,,,,,,
Russia,RUS,EU,1997,4,,,,,,,,,,,18.18,,,,,,,,
Russia,RUS,EU,1997,5,,,,,,,,,,,20.02,,,,,,,,
Russia,RUS,EU,1997,6,,,,,,,,,,,24.55,,,,,,,,
Russia,RUS,EU,1997,7,,,,,,,,,,,24.46,,,,,,,,
Russia,RUS,EU,1997,8,,,,,,,,,,,23.92,,,,,,,,
Russia,RUS,EU,1997,9,,,,,,,,,,,23.11,,,,,,,5.92,
Russia,RUS,EU,1997,10,,,,,,,,,,,22.92,,,,,,,6.21,
Russia,RUS,EU,1997,11,,,,,,,,,,,16.81,,,,,,,4.49,
Russia,RUS,EU,1997,12,,,,,,,,,,,17.78,,,,,,,4.59,
Russia,RUS,EU,1998,1,,,,,,,,,,,15.38,,,,,,,4.19,
Russia,RUS,EU,1998,2,,,,,,,,,,,15.03,,,,,,,4.19,
Russia,RUS,EU,1998,3,,,,,,,,,,,16.86,,,,,,0.6,4.66,
Russia,RUS,EU,1998,4,,,,,,,,,,,15.95,,,,,,,4.47,
Russia,RUS,EU,1998,5,,,,,,,,,,,14.63,,,,,,,3.58,
Russia,RUS,EU,1998,6,,,,,,,,,,,16.17,,,,,,0.6,2.56,
Russia,RUS,EU,1998,7,,,,,,,,,,,18.41,,,,,,,2.31,
Russia,RUS,EU,1998,8,,,,,,,,,,,12.46,,,,,,,1.51,
Russia,RUS,EU,1998,9,,,,,,,,,,,12.71,,,,,,0.8,1.64,
Russia,RUS,EU,1998,10,,,,,,,,,,,13.57,,,,,,,1.54,
Russia,RUS,EU,1998,11,,,,,,,,,,,12.48,,,,,,,2.45,
Russia,RUS,EU,1998,12,,,,,,,,,,,12.22,,,,,,0.6,2.76,
Russia,RUS,EU,1999,1,,,,,,,,,,,11.62,,,,60,,,2.69,96.34
Russia,RUS,EU,1999,2,,,,,,,,,,,11.44,,,,60,,,3.26,99.47
Russia,RUS,EU,1999,3,,,,,,,,,,,10.77,,,,60,,0.6,4.71,98.67
Russia,RUS,EU,1999,4,,,,,,,,,,,11.17,,,,60,,,5.17,110.55
Russia,RUS,EU,1999,5,,,,,,,,,,,11.94,,,,60,,,6.34,96.75
Russia,RUS,EU,1999,6,,,,,,,,,,,12.15,,,,55,,0.5,7.27,64.73
Russia,RUS,EU,1999,7,,,,,,,,,,,11.92,,,,55,,,8.07,68.36
Russia,RUS,EU,1999,8,,,,,,,,,,,11.23,,,,55,,,6.46,75.88
Russia,RUS,EU,1999,9,,,,,,,,,,,11.21,,,,55,,0.5,5.83,83.74
Russia,RUS,EU,1999,10,,,,,,,,,,,11.75,,,,55,,,5.85,86.87
Russia,RUS,EU,1999,11,,,,,,,,,,,11.5,,,,55,,,7.15,89.06
Russia,RUS,EU,1999,12,,,,,,,,,,,12.46,,,,55,,0.5,7.91,78.09
Russia,RUS,EU,2000,1,,,,,,,,,,,12.95,,,,45,,,11.68,58.57
Russia,RUS,EU,2000,2,,,,,,,,,,,13.66,,,,45,,,11.94,51.06
Russia,RUS,EU,2000,3,,,,,,,,,,,15.53,,,,33,7.6,0.4,14.15,40.95
Russia,RUS,EU,2000,4,,,,,,,,,,,17.09,,,,33,,,14.27,41.12
Russia,RUS,EU,2000,5,,,,,,,,,,,19.57,,,,33,,,13.76,41.05
Russia,RUS,EU,2000,6,,,,,,,,,,,21,,,,33,6,0.4,12.79,37.82
Russia,RUS,EU,2000,7,,,,,,,,,,,23.3,,,,28,,,11.58,29.44
Russia,RUS,EU,2000,8,,,,,,,,,,,23.73,,,,28,,,13.6,25.68
Russia,RUS,EU,2000,9,,,,,,,,,,,25.01,,,,28,5.1,0.5,12.82,23.59
Russia,RUS,EU,2000,10,,,,,,,,,,,25.88,,,,28,,,11.85,23.8
Russia,RUS,EU,2000,11,,,,,,,,,,,27.67,,,,25,,,10.52,24.18
Russia,RUS,EU,2000,12,,,,,,,,,,,27.97,,,,25,4.9,0.6,8.68,24.7
Russia,RUS,EU,2001,1,,,,,,111.9,,,,,29.64,,,,25,,,9.59,23.29
Russia,RUS,EU,2001,2,,,,,,114.5,,,,,28.35,2.32,,,25,,,9.9,21.97
Russia,RUS,EU,2001,3,,,,,,116.6,,,,,29.71,1.83,,,25,4.6,0.8,9.91,22.36
Russia,RUS,EU,2001,4,,,,,,118.7,,,,,31.65,1.8,,,25,,,10.02,20.96
Russia,RUS,EU,2001,5,,,,,,120.8,,,,,35.5,1.77,,,25,,,11.52,19.34
Russia,RUS,EU,2001,6,,,,,,122.8,,,,,35.05,1.66,,,25,4.6,0.9,13.04,18.81
Russia,RUS,EU,2001,7,,,,,,123.3,,,,,36.5,0.41,,,25,,,12.32,18.96
Russia,RUS,EU,2001,8,,,,,,123.3,,,,,37.49,0,,,25,,,11.38,18.58
Russia,RUS,EU,2001,9,,,,,,124.1,,,,,37.96,0.65,,,25,4.9,0.9,10.92,17.48
Russia,RUS,EU,2001,10,,,,,,125.4,,,,,38,1.05,,,25,,,10.26,17.34
Russia,RUS,EU,2001,11,,,,,,127.1,,,,,37.29,1.36,,,25,,,12.24,16.84
Russia,RUS,EU,2001,12,,,,,,129.2,,,,,36.62,1.65,,,25,5,1,13.3,16.67
Russia,RUS,EU,2002,1,,,,,,133.2,,,,,36.41,3.1,19.03,,25,,,15.41,15.7
Russia,RUS,EU,2002,2,,,,,,134.7,,,,,36.86,1.13,17.64,,25,,,15.54,15.1
Russia,RUS,EU,2002,3,,,,,,136.2,,,,,37.3,1.11,16.81,31.1365,25,4.9,1,16.97,16.09
Russia,RUS,EU,2002,4,,,,,,137.7,,,,,39.16,1.1,16.01,31.2013,23,,,19.08,17.05
Russia,RUS,EU,2002,5,,,,,,140.1,,,,,42.23,1.74,15.98,31.285,23,,,20.22,16.85
Russia,RUS,EU,2002,6,,,,,,140.8,,,,,43.58,0.5,14.66,31.4646,23,5.4,1.2,18.98,16.56
Russia,RUS,EU,2002,7,,,,,,141.8,,,,,43.29,0.71,15,31.5458,23,,,18.1,16.24
Russia,RUS,EU,2002,8,,,,,,141.9,,,,,44.33,0.07,15.09,31.5823,21,,,17.34,16.28
Russia,RUS,EU,2002,9,,,,,,142.5,,,,,45.62,0.42,14.83,31.6456,21,5,1.3,17.22,16.23
Russia,RUS,EU,2002,10,,,,,,144,,,,,46.77,1.05,14.83,31.7281,21,,,18.05,15.39
Russia,RUS,EU,2002,11,,,,,,146.4,,,,,48.21,1.67,15.18,31.8269,21,,,18.47,14.62
Russia,RUS,EU,2002,12,,,,,,148.6,,,,,47.79,1.5,15.02,31.8472,21,5.1,1.2,18.53,13.78
Russia,RUS,EU,2003,1,,,,,,152.2,,,,,49.27,2.42,14.26,31.8404,21,,,18.66,13.14
Russia,RUS,EU,2003,2,,,,,,154.7,,,,,53.06,1.64,14.85,31.6323,18,,,19.43,10.89
Russia,RUS,EU,2003,3,,,,,,156.3,,,,,55.53,1.03,14.76,31.4419,18,5.2,1.3,20.3,9.43
Russia,RUS,EU,2003,4,,,,,,157.9,,,,,59.85,1.02,14.67,31.25,18,,,20.8,8.93
Russia,RUS,EU,2003,5,,,,,,159.1,,,,,64.88,0.76,13.56,30.8455,18,,,23.52,8.05
Russia,RUS,EU,2003,6,,,,,,160.4,,,,,64.43,0.82,13.92,30.4993,16,5.2,1.7,26.01,7.74
Russia,RUS,EU,2003,7,,,,,,161.5,,,,,64.45,0.69,13.89,30.303,16,,,25.73,8.42
Russia,RUS,EU,2003,8,,,,,,160.9,,,,,62.75,-0.37,13.39,30.303,16,,,27.06,8.43
Russia,RUS,EU,2003,9,,,,,,161.4,,,,,62.07,0.31,13.26,30.594,16,5.3,1.9,29.72,8.81
Russia,RUS,EU,2003,10,,,,,,163,,,,,64.93,0.99,13.19,30.1258,16,,,31.99,8.59
Russia,RUS,EU,2003,11,,,,,,164.6,,,,,68.17,0.98,12.43,29.7952,16,,,28.26,8.6
Russia,RUS,EU,2003,12,,,,,,166.4,,,,,76.94,1.09,11.98,29.4052,16,5.4,2.2,29.77,8.35
Russia,RUS,EU,2004,1,,,,,,169.3,,,,,83.99,1.74,11.24,28.8437,14,,,32.25,7.76
Russia,RUS,EU,2004,2,,,,,,171,,,,,86.32,1,10.54,28.5043,14,,,33.46,8.16
Russia,RUS,EU,2004,3,,,,,,172.3,,,,,83.4,0.76,10.24,28.5308,14,5.6,2.5,36.14,7.97
Russia,RUS,EU,2004,4,,,,,,174,,,,,82.66,0.99,10.2,28.7196,14,,,37.78,8.35
Russia,RUS,EU,2004,5,,,,,,175.3,,,,,85.61,0.75,10.18,28.9865,14,,,33.19,8.41
Russia,RUS,EU,2004,6,,,,,,176.6,,,,,88.23,0.74,10.1,29.0429,13,5.7,3,31.76,8.48
Russia,RUS,EU,2004,7,,,,,,178.3,,,,,88.61,0.96,10.4,29.0735,13,,,30.91,8.49
Russia,RUS,EU,2004,8,,,,,,179,,,,,88.7,0.39,11.25,29.2243,13,,,30.47,8.52
Russia,RUS,EU,2004,9,,,,,,179.8,,,,,95.08,0.45,11.4,29.2398,13,5.5,3.3,34.31,8.37
Russia,RUS,EU,2004,10,,,,,,181.8,,,,,107.34,1.11,11.53,29.0484,13,,,38.28,8.28
Russia,RUS,EU,2004,11,,,,,,183.9,,,,,117.43,1.16,11.73,28.5588,13,,,36.59,8.22
Russia,RUS,EU,2004,12,,,,,,185.9,,,,,124.54,1.09,11.72,27.9065,13,5.4,3.7,31.54,8.46
Russia,RUS,EU,2005,1,,,,,,190.8,,,,,124.93,2.64,12.7,27.9452,13,,,32.59,8.41
Russia,RUS,EU,2005,2,,,,,,193.2,,,,,134.15,1.26,12.98,27.9643,13,,,35.47,8.38
Russia,RUS,EU,2005,3,,,,,,195.7,,,,,137.38,1.29,13.58,27.63,13,5,3.8,35.69,8.49
Russia,RUS,EU,2005,4,,,,,,197.9,,,,,144.26,1.12,13.74,27.7982,13,,,36.07,8.53
Russia,RUS,EU,2005,5,,,,,,199.5,,,,,147.36,0.81,13.8,27.9513,13,,,35.1,8.51
Russia,RUS,EU,2005,6,,,,,,200.8,,,,,151.58,0.65,13.7,28.5199,13,5,4.3,36.72,8.5
Russia,RUS,EU,2005,7,,,,,,201.7,,,,,144.62,0.45,13.12,28.6946,13,,,40.45,8.47
Russia,RUS,EU,2005,8,,,,,,201.5,,,,,149.75,-0.1,12.57,28.4753,13,,,43.74,8.21
Russia,RUS,EU,2005,9,,,,,,202,,,,,159.56,0.25,12.35,28.3812,13,5.4,5,48.8,7.73
Russia,RUS,EU,2005,10,,,,,,203.1,,,,,164.97,0.54,11.72,28.5557,13,,,49.96,7.58
Russia,RUS,EU,2005,11,,,,,,204.6,,,,,168.4,0.74,11.26,28.7739,13,,,53.76,7.38
Russia,RUS,EU,2005,12,,,,,,206.2,,,,,182.24,0.78,10.92,28.7984,12,6.3,5.7,59.34,7.1
Russia,RUS,EU,2006,1,,,,,,211.3,,,,,188.45,2.47,10.74,28.3406,12,,,65.9,6.96
Russia,RUS,EU,2006,2,,,,,,214.8,,,,,195.93,1.66,11.18,28.2038,12,,,75.1,7.01
Russia,RUS,EU,2006,3,,,,,,216.5,,,,,205.88,0.79,10.63,27.8647,12,6,5.9,76.11,7.01
Russia,RUS,EU,2006,4,,,,,,217.3,,,,,226.41,0.37,9.8,27.5569,12,,,84.05,7.04
Russia,RUS,EU,2006,5,,,,,,218.3,,,,,247.34,0.46,9.42,27.0468,12,,,83.31,7.05
Russia,RUS,EU,2006,6,,,,,,219,,,,,250.56,0.32,9.06,26.9958,11.5,6.3,6.6,73.26,7.06
Russia,RUS,EU,2006,7,,,,,,220.4,,,,,265.7,0.64,9.27,26.9097,11.5,,,79.87,7.07
Russia,RUS,EU,2006,8,,,,,,220.8,,,,,259.86,0.18,9.58,26.7562,11.5,,,85.86,7.02
Russia,RUS,EU,2006,9,,,,,,221,,,,,266.2,0.09,9.41,26.7622,11.5,6.1,7.4,81.72,6.93
Russia,RUS,EU,2006,10,,,,,,221.7,,,,,272.54,0.32,9.16,26.8424,11,,,84.01,6.91
Russia,RUS,EU,2006,11,,,,,,223.1,,,,,289.04,0.63,9.04,26.575,11,,,88.95,6.89
Russia,RUS,EU,2006,12,,,,,,224.8,,,,,303.73,0.76,9.02,26.2989,11,6.6,8.2,95.94,6.77
Russia,RUS,EU,2007,1,,,,,,228.6,,,,,303.89,1.69,8.19,26.5004,10.5,,,97.83,6.77
Russia,RUS,EU,2007,2,,,,,,231.1,,,,,314.53,1.09,7.59,26.2987,10.5,,,100.84,6.77
Russia,RUS,EU,2007,3,,,,,,232.5,,,,,338.83,0.61,7.39,26.1056,10.5,6.6,8.5,96.67,6.77
Russia,RUS,EU,2007,4,,,,,,233.8,,,,,369.12,0.56,7.59,25.8426,10.5,,,102.7,6.73
Russia,RUS,EU,2007,5,,,,,,235.3,,,,,403.21,0.64,7.79,25.8295,10.5,,,96.78,6.68
Russia,RUS,EU,2007,6,,,,,,237.5,,,,,405.84,0.93,8.45,25.9017,10,7.5,9.3,97.5,6.68
Russia,RUS,EU,2007,7,,,,,,239.6,,,,,416.17,0.88,8.71,25.5368,10,,,103.93,6.65
Russia,RUS,EU,2007,8,,,,,,239.8,,,,,416.04,0.08,8.61,25.6254,10,,,98.53,6.71
Russia,RUS,EU,2007,9,,,,,,241.7,,,,,425.38,0.79,9.37,25.3069,10,7.9,10,100.19,6.82
Russia,RUS,EU,2007,10,,,,,,245.7,,,,,446.96,1.65,10.83,24.8776,10,,,107.78,6.7
Russia,RUS,EU,2007,11,,,,,,248.7,,,,,463.53,1.22,11.47,24.4712,10,,,109.69,6.67
Russia,RUS,EU,2007,12,12561.53,9316.5,3245.02,,,251.5,,,,,478.76,1.13,11.88,24.5737,10,8.3,10.4,113.25,6.66
Russia,RUS,EU,2008,1,12940.15,9636.06,3304.09,,,257.3,,,,,488.37,2.31,12.55,24.4779,10,,,106.13,6.63
Russia,RUS,EU,2008,2,13175.19,9781.94,3393.25,,,260.4,,,,,494.93,1.2,12.68,24.5122,10.25,,,99.15,6.83
Russia,RUS,EU,2008,3,13654.7,10143.89,3510.81,,,263.5,,,,,512.58,1.19,13.33,23.7417,10.25,8.6,10.5,96.41,6.96
Russia,RUS,EU,2008,4,14153.77,10481.81,3671.96,,,267.3,,,,,532.47,1.44,14.33,23.5189,10.5,,,98.89,6.96
Russia,RUS,EU,2008,5,14533.13,10722.51,3810.62,,,270.9,,,,,546.04,1.35,15.13,23.72,10.5,,,109.44,6.99
Russia,RUS,EU,2008,6,14953.81,11014.12,3939.69,,,273.5,,,,,568.97,0.96,15.16,23.6366,10.75,8.8,11,108.27,6.98
Russia,RUS,EU,2008,7,15410.8,11306.82,4103.97,,,274.9,,,,,596.57,0.51,14.73,23.3526,11,,,95.75,7.13
Russia,RUS,EU,2008,8,15897.84,11629.32,4268.52,,,275.8,,,,,582.21,0.33,15.01,24.24,11,,,82.94,7.56
Russia,RUS,EU,2008,9,16202.28,11806.04,4396.24,,,278.1,,,,,556.81,0.83,15.06,25.3202,11,9.2,11.5,66.37,8.25
Russia,RUS,EU,2008,10,16536.5,12074.13,4462.37,,,280.6,,,,,484.59,0.9,14.2,26.4709,11,,,41.11,8.73
Russia,RUS,EU,2008,11,16786.43,12352.96,4433.47,,,282.9,,,,,455.73,0.82,13.75,27.3499,12,,,37.78,8.46
Russia,RUS,EU,2008,12,17150.89,12770.64,4380.25,1270.19,3110.07,284.9,,,,,426.28,0.71,13.28,28.2011,13,11.2,11.3,36.44,8.8
Russia,RUS,EU,2009,1,17992.86,13591.04,4401.82,1298.81,3103.01,291.7,,,,,386.89,2.39,13.37,31.2913,13,,,36.22,9.98
Russia,RUS,EU,2009,2,17980.03,13639.58,4340.45,1287.14,3053.31,296.5,,,,,384.09,1.65,13.86,35.7917,13,,,39.3,10.09
Russia,RUS,EU,2009,3,17706.46,13475.07,4231.4,1250.17,2981.23,300.3,,,,,383.81,1.28,13.97,34.611,13,13.1,11,44.73,10.58
Russia,RUS,EU,2009,4,17757.59,13587.69,4169.9,1233.78,2936.12,302.4,,,,,383.79,0.7,13.13,33.5076,12.5,,,52.88,10.12
Russia,RUS,EU,2009,5,17625.47,13522.87,4102.6,1210.12,2892.49,304.2,,,,,404.17,0.6,12.29,31.9213,12,,,60.92,10.13
Russia,RUS,EU,2009,6,17486.86,13436.37,4050.49,1199.64,2850.85,306,,,,,412.51,0.59,11.88,31.0709,11.5,12.1,10.8,63.15,9.7
Russia,RUS,EU,2009,7,17557.02,13516.94,4040.08,1199.23,2840.85,307.9,,,,,401.91,0.62,12,31.5201,11,,,57.46,10.04
Russia,RUS,EU,2009,8,17722.78,13696.9,4025.87,1193.05,2832.83,307.9,,,,,409.55,0,11.64,31.6716,10.75,,,64.51,10.11
Russia,RUS,EU,2009,9,17633.12,13655.8,3977.32,1178.4,2798.92,307.8,,,,,413.36,-0.03,10.68,30.7402,10,12,10.9,69.28,10.23
Russia,RUS,EU,2009,10,17504.65,13546.68,3957.97,1168.64,2789.33,307.8,,,,,434.44,0,9.69,29.4537,9.5,,,77.18,9.59
Russia,RUS,EU,2009,11,17624.95,13665.7,3959.25,1172.14,2787.11,308.7,,,,,447.67,0.29,9.12,28.956,9,,,77.39,9.07
Russia,RUS,EU,2009,12,17563.1,13630.5,3932.61,1180.76,2751.84,310,,,,,439.45,0.42,8.81,30.036,8.75,11.5,10.7,79.74,8.85
Russia,RUS,EU,2010,1,17618.12,13704.32,3913.8,1174.66,2739.15,315.1,,,,,436.27,1.65,8.02,29.8489,8.75,,,84.04,8.46
Russia,RUS,EU,2010,2,17495.27,13596.31,3898.96,1171.2,2727.77,317.7,,,,,436.78,0.83,7.15,30.1532,8.5,,,80.32,8.25
Russia,RUS,EU,2010,3,17588.32,13678.23,3910.08,1171.2,2738.88,319.8,,,,,447.44,0.66,6.49,29.548,8.25,10.2,10.1,83.75,7.89
Russia,RUS,EU,2010,4,17812.3,13857.01,3955.28,1177.12,2778.16,320.7,,,,,461.17,0.28,6.05,29.185,8,,,87.8,7.55
Russia,RUS,EU,2010,5,18072.13,14057.99,4014.14,1190.01,2824.13,322.3,,,,,456.43,0.5,5.95,30.5534,7.75,,,78.76,7.71
Russia,RUS,EU,2010,6,18345.22,14273.04,4072.18,1198.47,2873.71,323.6,,,,,461.2,0.4,5.75,31.2598,7.75,9.4,10.1,80,7.63
Russia,RUS,EU,2010,7,18478.39,14335.27,4143.13,1205.74,2937.38,324.8,,,,,475.31,0.37,5.49,30.5971,7.75,,,80.06,7.62
Russia,RUS,EU,2010,8,18706.41,14474.26,4232.15,1219.58,3012.57,326.6,,,,,476.27,0.55,6.07,30.3988,7.75,,,82.08,7.65
Russia,RUS,EU,2010,9,19090.49,14790.03,4300.46,1233.6,3066.87,329.3,,,,,490.1,0.83,6.99,30.7899,7.75,8.7,10.2,84.51,7.71
Russia,RUS,EU,2010,10,19455.24,15072.37,4382.87,1250.61,3132.26,330.9,,,,,497.08,0.49,7.5,30.3311,7.75,,,88.66,7.67
Russia,RUS,EU,2010,11,19793.55,15345.32,4448.24,1270.95,3177.28,333.6,,,,,483.06,0.82,8.07,31.0088,7.75,,,92.21,7.83
Russia,RUS,EU,2010,12,19836.95,15311.11,4525.84,1295.44,3230.4,337.2,20011.9,,,,479.38,1.08,8.77,30.8048,7.75,8,10.3,98.84,8.01
Russia,RUS,EU,2011,1,19868.84,15415.35,4453.49,1289.91,3163.58,345.2,19307.7,,,9.8,484.16,2.37,9.55,30.1403,7.75,,,102.55,8
Russia,RUS,EU,2011,2,20043.13,15560.67,4482.46,1295.45,3187,347.9,19536.7,,,9.45,493.84,0.78,9.51,29.2407,8,,,102.41,8
Russia,RUS,EU,2011,3,20311.12,15721.56,4589.56,1310.76,3278.8,350,19788.7,,,9.65,502.46,0.6,9.44,28.419,8,7.5,10.1,104.72,8.05
Russia,RUS,EU,2011,4,20694,15969.01,4724.99,1329.98,3395.01,351.5,20020.8,,,9.35,523.95,0.43,9.6,28.0426,8,,,106.65,7.95
Russia,RUS,EU,2011,5,21183.83,16314.6,4869.22,1360.08,3509.14,353.2,20160.9,,,9.35,521.09,0.48,9.59,27.9483,8.25,,,97.5,8.02
Russia,RUS,EU,2011,6,21523.25,16533.17,4990.08,1396.24,3593.84,354,20721.9,,,9.55,524.53,0.23,9.39,27.982,8.25,7.3,10.4,98.21,8.14
Russia,RUS,EU,2011,7,22013.81,16841.73,5172.08,1423.17,3748.91,354,20828.1,,,9.2,533.91,0,8.99,27.9282,8.25,,,101.68,8.04
Russia,RUS,EU,2011,8,22632,17285.94,5346.06,1464.16,3881.9,353.2,21061.9,,,9.1,545.01,-0.23,8.14,28.7711,8.25,,,89.9,8.19
Russia,RUS,EU,2011,9,23563.56,18028.46,5535.1,1507.54,4027.57,353,21480.4,,,9.05,516.85,-0.06,7.2,30.7644,8.25,7.5,11,87.25,8
Russia,RUS,EU,2011,10,23735.45,18077.39,5658.06,1527.22,4130.84,354.7,21366.7,,,9.15,525.56,0.48,7.19,31.2294,8.25,,,83.61,7.97
Russia,RUS,EU,2011,11,24438.85,18610.64,5828.21,1573.72,4254.49,356.2,21920,,,9.4,510.91,0.42,6.77,30.8447,8.25,,,87.07,8.14
Russia,RUS,EU,2011,12,25065.1,19009.66,6055.44,1624.85,4430.6,357.8,24204.8,,,10,498.65,0.45,6.11,31.5512,8,8,11.5,83.81,8.23
Russia,RUS,EU,2012,1,24944.21,18860.76,6083.46,1620.06,4463.4,359.5,23349.1,,,9.7,505.39,0.48,4.14,31.3218,8,,,87.57,8.35
Russia,RUS,EU,2012,2,25016.44,18809.3,6207.14,1641.99,4565.15,360.9,23542.5,,,10.2,513.98,0.39,3.74,29.7426,8,,,92.72,8.06
Russia,RUS,EU,2012,3,25557.98,19130.5,6427.49,1680.59,4746.89,363,23747.8,,,10.35,513.49,0.58,3.71,29.3455,8,7.9,11.6,93.44,8.09
Russia,RUS,EU,2012,4,26223.64,19555.7,6667.93,1725.47,4942.46,364.1,23923.8,,,9.95,524.37,0.3,3.58,29.4677,8,,,88.54,8.18
Russia,RUS,EU,2012,5,26971.44,20041.32,6930.12,1777.57,5152.55,366,24036.3,,,10.3,510.43,0.52,3.62,30.9517,8,,,79.85,8.13
Russia,RUS,EU,2012,6,27384.81,20231.72,7153.09,1821.02,5332.07,369.2,24461,,,10.25,514.32,0.87,4.29,32.811,8.25,8.4,12.6,79.87,8.26
Russia,RUS,EU,2012,7,27765.28,20413.21,7352.07,1855.74,5496.34,373.8,24306.3,,,10.3,510.54,1.25,5.59,32.4783,8,,,83.79,8.09
Russia,RUS,EU,2012,8,28435.8,20825.58,7610.22,1910.08,5700.15,374.1,24284.2,,,9.8,514.59,0.08,5.92,31.9438,8,,,85.58,8.17
Russia,RUS,EU,2012,9,28706.61,20901.82,7804.79,1950.33,5854.46,376.2,24437.8,,,9.8,529.89,0.56,6.57,31.3888,8.25,8.7,13.3,87.69,8.25
Russia,RUS,EU,2012,10,29335.62,21308.53,8027.1,2011.05,6016.05,377.9,24444.8,,,10.2,526.77,0.45,6.54,31.1303,8.25,,,86.6,8.21
Russia,RUS,EU,2012,11,29580.17,21363.14,8217.03,2066.48,6150.54,379.2,24741,,,10.5,528.24,0.34,6.46,31.3868,8.25,,,83.4,7.96
Russia,RUS,EU,2012,12,29905.05,21492.06,8412.99,2122.99,6290.01,381.2,27164.6,,,10.25,537.62,0.53,6.54,30.7219,8.25,8.9,13.8,86.76,8.1
Russia,RUS,EU,2013,1,30094.06,21623.31,8470.76,2127,6343.76,384.9,26348.7,,,10.5,532.16,0.97,7.07,30.2339,8.25,,,90.16,6.94
Russia,RUS,EU,2013,2,30420.76,21817.72,8603.04,2169.35,6433.69,387.1,26768.4,,,10.9,526.17,0.57,7.26,30.163,8.25,,,89.92,6.99
Russia,RUS,EU,2013,3,30920.79,22113.72,8807.07,2209.43,6597.65,388.5,27198.6,,,10.9,527.71,0.36,7.02,30.8279,8.25,9.3,14.3,87.1,7.13
Russia,RUS,EU,2013,4,31486.47,22410.81,9075.65,2273.21,6802.44,390.4,27377.1,,,11.05,533.22,0.49,7.22,31.3372,8.25,,,82.16,7.05
Russia,RUS,EU,2013,5,31844.38,22532.34,9312.04,2325.71,6986.33,393,27593.4,,,10.85,518.43,0.67,7.38,31.3559,8.25,,,83.12,6.99
Russia,RUS,EU,2013,6,32443.15,22893.66,9549.5,2386.38,7163.12,394.7,28212.3,,,10.4,513.77,0.43,6.91,32.3699,8.25,10,15.1,78.13,7.35
Russia,RUS,EU,2013,7,33030.9,23228.17,9802.73,2453.55,7349.19,397.9,28443.9,,,10.25,512.83,0.81,6.45,32.7635,8.25,,,82.05,7.51
Russia,RUS,EU,2013,8,33604.08,23557.17,10046.91,2511.17,7535.74,398.5,28499.9,,,10.25,509.67,0.15,6.52,33.0242,8.25,,,82.15,7.56
Russia,RUS,EU,2013,9,33971.3,23783.02,10188.28,2512.8,7675.48,399.3,28352.6,,,10.35,522.58,0.2,6.14,32.5679,5.5,10.2,15.9,86,7.5
Russia,RUS,EU,2013,10,34441.7,24025.17,10416.52,2596.81,7819.71,401.6,28276.4,,,10.3,524.28,0.58,6.27,32.0634,5.5,,,89.37,7.53
Russia,RUS,EU,2013,11,35024.29,24432.56,10591.73,2676.5,7915.23,403.9,28873.3,,,9.95,515.59,0.57,6.51,32.7262,5.5,,,88.83,7.65
Russia,RUS,EU,2013,12,35049.46,24254.28,10795.18,2765.48,8029.7,405.9,31155.6,,,10,509.6,0.5,6.48,32.8563,5.5,10.4,16.3,87.67,7.77
Russia,RUS,EU,2014,1,35629.36,24808.56,10820.81,2798.03,8022.77,408.3,29861.2,,,9.9,498.93,0.59,6.08,33.7258,5.5,,,87.93,7.91
Russia,RUS,EU,2014,2,35932.7,24995.63,10937.07,2860.87,8076.2,411.2,30169,,,10.27,493.33,0.71,6.23,35.2816,5.5,,,87.61,7.8
Russia,RUS,EU,2014,3,36349.64,25252.24,11097.4,2924.69,8172.71,415.3,29519.3,,,10.45,486.13,1,6.9,36.1564,7,11,16.1,78.22,8.17
Russia,RUS,EU,2014,4,36522.51,25218.47,11304.03,3021.58,8282.45,419.1,29879,,,10.75,472.28,0.92,7.35,35.6884,7.5,,,79.46,8.18
Russia,RUS,EU,2014,5,36863.59,25437.66,11425.93,3091.98,8333.95,422.8,29890.8,,,10.92,467.23,0.88,7.58,34.8896,7.5,,,82.52,8.14
Russia,RUS,EU,2014,6,36809.05,25258.92,11550.13,3153.16,8396.97,425.5,30073.1,,,11.18,478.25,0.64,7.8,34.3599,7.5,11.7,15.6,88.26,8.12
Russia,RUS,EU,2014,7,37465.72,25732.33,11733.39,3251.11,8482.28,427.5,30178.3,,,11.31,468.76,0.47,7.44,34.7548,8,,,86.02,8.22
Russia,RUS,EU,2014,8,37950.45,26072.25,11878.2,3321.46,8556.73,428.6,30338.7,,,11.2,465.23,0.26,7.55,36.1821,8,,,83.37,8.57
Russia,RUS,EU,2014,9,38648.65,26637.47,12011.18,3400.74,8610.45,431.4,30297.6,,,11.34,454.24,0.65,8.04,38.0441,8,12.2,15.7,85.6,8.73
Russia,RUS,EU,2014,10,39489.58,27363.48,12126.09,3481.33,8644.76,434.9,29831.2,,,11.52,428.59,0.81,8.29,40.892,8,,,82.84,8.88
Russia,RUS,EU,2014,11,40690.48,28444.28,12246.19,3575.75,8670.45,440.5,30141.9,,,12.27,418.88,1.29,9.06,45.8668,9.5,,,89.9,8.63
Russia,RUS,EU,2014,12,41415.78,29069.58,12346.21,3657.9,8688.31,452,31615.7,,,15.63,385.46,2.61,11.36,55.1419,17,15.9,17.3,87.09,10.22
Russia,RUS,EU,2015,1,43008.22,30744.68,12263.54,3691.09,8572.45,469.4,31033.7,,,17.48,376.21,3.85,14.96,63.4019,17,,,92.74,10.37
Russia,RUS,EU,2015,2,41863.73,29788.16,12075.58,3695.49,8380.09,479.8,31225,,,17.25,360.22,2.22,16.68,64.2188,15,,,104.22,10.51
Russia,RUS,EU,2015,3,41320.42,29406.9,11913.52,3686.97,8226.55,485.6,31028.8,,,17.18,356.37,1.21,16.93,60.1574,14,20,16.5,98.55,10.7
Russia,RUS,EU,2015,4,40505.24,28721.67,11783.57,3688.92,8094.65,487.8,31696.9,,,16.49,356.01,0.45,16.39,53.2912,14,,,99.6,10
Russia,RUS,EU,2015,5,40700.25,28982.84,11717.41,3711.3,8006.11,489.5,31820.4,,,16.14,356.77,0.35,15.78,50.8098,12.5,,,99.54,9.61
Russia,RUS,EU,2015,6,40970.87,29309.75,11661.12,3732.14,7928.98,490.5,31936.3,,,15.32,361.57,0.2,15.28,54.6744,11.5,17.6,16.1,97.99,9.13
Russia,RUS,EU,2015,7,41826.1,30128.12,11697.98,3768.74,7929.25,494.4,32072.5,,,14.76,357.57,0.8,15.65,57.3809,11.5,,,96.65,9.19
Russia,RUS,EU,2015,8,43078.49,31336.77,11741.73,3823.22,7918.51,496.1,32361,,,14.41,366.34,0.34,15.75,65.6403,11,,,100.21,12.16
Russia,RUS,EU,2015,9,43252.07,31541.67,11710.4,3865.6,7844.8,499,32052.5,,,14.08,371.27,0.58,15.67,66.9365,11,17,16.1,100.25,12.64
Russia,RUS,EU,2015,10,43265.44,31599.93,11665.5,3908.48,7757.02,502.7,32161,,,13.99,369.64,0.74,15.59,63.0844,11,,,101.03,12.27
Russia,RUS,EU,2015,11,43635.63,32001.24,11634.39,3957.61,7676.79,506.4,32745,,,13.96,364.71,0.74,14.96,65.2034,11,,,105.66,12.24
Russia,RUS,EU,2015,12,44634.81,32987.7,11647.11,4048.29,7598.82,510.3,35179.7,,,13.38,368.4,0.77,12.9,70.2068,11,16.9,16,103.57,11.82
Russia,RUS,EU,2016,1,45099.19,33504.73,11594.47,4060.01,7534.46,515.2,33966.5,,,13.52,371.56,0.96,9.76,76.5871,11,,,101.39,11.56
Russia,RUS,EU,2016,2,45028.27,33458.26,11570.01,4125.26,7444.75,518.5,34309.6,,,13.37,380.54,0.64,8.07,77.2239,11,,,105.31,11.25
Russia,RUS,EU,2016,3,44044.96,32526.57,11518.4,4150.96,7367.44,520.9,34689.4,,,13.51,387.01,0.46,7.27,69.6969,11,16.4,15.7,111.33,10.65
Russia,RUS,EU,2016,4,43576.27,32064.65,11511.61,4179.57,7332.04,523.2,35105.5,,,13.44,391.52,0.44,7.26,66.7599,11,,,113.65,10.61
Russia,RUS,EU,2016,5,42877.18,31352.77,11524.41,4210.68,7313.73,525.3,35642.9,,,13.52,387.72,0.4,7.31,65.8892,11,,,113.34,10.49
Russia,RUS,EU,2016,6,42764.67,31245.5,11519.17,4237.22,7281.95,527.2,35856.9,,,13.19,392.76,0.36,7.48,65.1085,10.5,15.7,15.6,112.64,10.3
Russia,RUS,EU,2016,7,43415.07,31822.69,11592.38,4279.32,7313.06,530.1,36031.7,,,12.71,393.91,0.55,7.22,64.4607,10.5,,,114.1,10.13
Russia,RUS,EU,2016,8,43213,31574.06,11638.94,4323.64,7315.3,530.1,36169.6,,,12.59,395.2,0,6.85,64.8724,10.5,,,116.6,10.12
Russia,RUS,EU,2016,9,42960.1,31289.65,11670.45,4366,7304.45,531,36148.8,,,12.42,397.74,0.17,6.41,64.4805,10,15.2,15.7,119.07,10.01
Russia,RUS,EU,2016,10,43017.58,31327.5,11690.08,4412.4,7277.68,533.3,36051,,,11.99,390.74,0.43,6.09,62.6384,10,,,117.4,10.08
Russia,RUS,EU,2016,11,43426.66,31688.64,11738.02,4470.9,7267.12,535.7,36433,,,11.77,385.29,0.45,5.79,64.647,10,,,120.76,10.11
Russia,RUS,EU,2016,12,42819.75,31064,11755.75,4538.03,7217.72,537.8,38418,,,11.77,377.74,0.39,5.39,62.0956,10,14.7,15.6,130.35,9.95
Russia,RUS,EU,2017,1,42874.9,31158.72,11716.18,4519.03,7197.16,541.2,38016.8,6.77,,12.04,390.59,0.63,5.05,59.8788,10,,,131.14,9.62
Russia,RUS,EU,2017,2,42467.94,30741.44,11726.5,4537.65,7188.86,542.3,38475.2,6.54,,11.58,397.33,0.2,4.59,58.4295,10,,,127.63,9.77
Russia,RUS,EU,2017,3,42423.78,30587.59,11836.19,4585.4,7250.79,543.1,38555.2,6.08,,11.43,397.91,0.15,4.26,57.8428,9.75,14.1,15.4,120.26,9.56
Russia,RUS,EU,2017,4,42922,30961.08,11960.92,4647.76,7313.16,544.8,38663.8,6.52,,11.17,401,0.31,4.13,56.5578,9.75,,,117.6,9.33
Russia,RUS,EU,2017,5,42986.08,30949.49,12036.59,4647.24,7389.36,546.8,39222.9,6.28,,10.86,405.72,0.37,4.09,57.111,9.25,,,117.47,9.09
Russia,RUS,EU,2017,6,43362.13,31184.8,12177.33,4708.69,7468.64,550.2,39623.1,5.88,,10.52,412.24,0.62,4.36,57.9872,9,13.7,15.7,110.72,8.99
Russia,RUS,EU,2017,7,43972.28,31660.45,12311.83,4769.07,7542.76,550.5,39275.9,6.28,,10.21,418.45,0.05,3.85,59.5967,9,,,114.83,8.84
Russia,RUS,EU,2017,8,44040.66,31525.12,12515.55,4845.82,7669.72,547.6,39419.3,6.28,,10.42,423.98,-0.53,3.3,59.4011,9,,,116.64,8.74
Russia,RUS,EU,2017,9,44152.9,31495.25,12657.65,4934.18,7723.48,546.8,39571,5.44,,10.12,424.77,-0.15,2.98,57.6303,8.5,13.5,15.9,121.53,8.65
Russia,RUS,EU,2017,10,44535.13,31733.11,12802.02,4983.43,7818.59,547.8,39667.5,5.86,,9.82,424.86,0.18,2.72,57.7309,8.25,,,123.46,8.59
Russia,RUS,EU,2017,11,44945.71,31934.74,13010.97,5096.13,7914.84,549,40114.4,5.28,,9.71,431.64,0.22,2.48,58.9632,8.25,,,126.83,8.48
Russia,RUS,EU,2017,12,44619,31450.28,13168.72,5220.01,7948.71,551.3,42442.2,5.38,,9.42,432.74,0.42,2.51,58.5656,7.75,13.1,16.3,125.76,8.25
Russia,RUS,EU,2018,1,44534.85,31205.25,13329.6,5256.03,8073.58,553.1,41597.5,5.72,,8.88,447.74,0.33,2.2,56.6443,7.75,,,133.5,7.98
Russia,RUS,EU,2018,2,44570.34,31130.74,13439.59,5340.96,8098.64,554.2,42045.5,5.57,,9.02,453.64,0.2,2.19,56.8785,7.5,,,135.19,7.85
Russia,RUS,EU,2018,3,45217.21,31508.92,13708.29,5448.8,8259.5,555.8,42377,5.59,,9,458,0.29,2.34,57.1173,7.25,12.4,16.4,135.81,7.79
Russia,RUS,EU,2018,4,46329.68,32408.85,13920.83,5569.05,8472.03,557.9,43122,5.39,,8.59,459.88,0.38,2.4,60.6712,7.25,,,132.59,7.81
Russia,RUS,EU,2018,5,46649.19,32475.85,14173.34,5668.93,8604.29,560,43257.4,5.46,,8.68,456.64,0.38,2.41,62.3262,7.25,,,137.29,7.67
Russia,RUS,EU,2018,6,46978.2,32546.29,14431.91,5784.34,8762.98,562.7,44126.7,5.2,,8.64,456.75,0.48,2.27,62.7593,7.25,12.4,16.6,134.59,7.62
Russia,RUS,EU,2018,7,47408.93,32715.44,14693.49,5891.35,8909.15,564.3,43910.3,5.13,,8.68,458.03,0.28,2.51,62.896,7.25,,,137.21,
Russia,RUS,EU,2018,8,48668.19,33639.31,15028.88,6019.13,9137.53,564.4,44369.1,5.04,,8.89,460.62,0.02,3.07,66.4825,7.25,,,136.31,
Russia,RUS,EU,2018,9,48760.29,33446.11,15314.19,6145.81,9295.06,565.2,44254.7,5.21,,9.12,459.16,0.14,3.37,67.6061,7.5,12.4,16.9,141.41,
Russia,RUS,EU,2018,10,49142.77,33580.53,15562.25,6228.35,9416.44,567.2,44218.4,5.66,,9,459.56,0.35,3.54,65.8747,7.5,,,141.73,
Russia,RUS,EU,2018,11,49551.22,33645.94,15905.28,6381.32,9676.92,570,44891.6,5.98,,9.2,462.1,0.49,3.83,66.5059,7.5,,,141.2,
Russia,RUS,EU,2018,12,49883.05,33817.82,16065.23,6434.15,9683.91,574.8,47109.3,5.64,,9.19,468.5,0.84,4.26,67.5614,7.75,12.4,17.2,140.84,
Russia,RUS,EU,2019,1,50675.15,34138.01,16537.14,6637.63,10102.99,580.6,45721.2,6.1,,9.41,475.95,1.01,4.97,66.7215,7.75,,,145.18,
Russia,RUS,EU,2019,2,50984.4,34284.97,16699.42,6749.95,10061.8,583.2,46212.6,6.24,,9.52,482.61,0.45,5.23,65.7638,7.75,,,148.33,
Russia,RUS,EU,2019,3,51298.07,34354.66,16943.4,6852.46,10193.46,585,46141.2,6.12,,9.59,487.8,0.31,5.25,65.2116,7.75,12.4,17.6,147.51,
Russia,RUS,EU,2019,4,51919.42,34660.44,17258.98,6965.73,10406.52,586.7,46435.9,5.82,10.6,9.44,491.09,0.29,5.16,64.5528,7.75,,,151.89,
Russia,RUS,EU,2019,5,52224.8,34701.44,17523.36,7045.32,10557.63,588.7,46735.3,5.73,10.5,9.44,495.23,0.34,5.13,64.9014,7.75,,,153.65,
Russia,RUS,EU,2019,6,52363.26,34594.1,17769.16,7121.01,10723.84,589,47349.4,5.79,10.3,9.23,518.36,0.05,4.67,64.0768,7.5,12.2,18.2,163.19,
Russia,RUS,EU,2019,7,52638.46,34676.76,17961.7,7134.98,10840.69,590.1,47351,5.41,10.2,9.17,519.8,0.19,4.57,63.266,7.25,,,163.83,
Russia,RUS,EU,2019,8,53505.59,35220.94,18284.65,7245.83,11149.67,588.7,47584.1,5.27,9.9,8.79,529.08,-0.24,4.31,65.8332,7.25,,,158.73,
Russia,RUS,EU,2019,9,53628.44,35090.66,18537.78,7356.77,11291.95,587.8,48266.8,5.11,9.7,8.65,530.92,-0.15,4,64.9191,7,12,18.6,165.6,
Russia,RUS,EU,2019,10,54074.24,35385.15,18689.09,7385.93,11332.32,588.5,48082.4,4.99,9.4,8.74,540.92,0.12,3.76,64.2857,6.5,,,164.67,
Russia,RUS,EU,2019,11,54130.81,35207.56,18923.25,7524.73,11537.32,590.2,49195.3,4.58,9.2,8.46,542.03,0.29,3.54,63.8464,6.5,,,174.86,
Russia,RUS,EU,2019,12,53952.3,34851.89,19100.41,7636.85,11575.67,592.3,51660.3,4.74,,8.05,554.36,0.36,3.04,62.8651,6.25,11.8,19.1,177.26,
Russia,RUS,EU,2020,1,54129.62,34883.05,19246.58,7693.64,11609.73,594.7,50622.9,4.56,,7.96,562.31,0.41,2.43,61.8682,6.25,,,185.47,
Russia,RUS,EU,2020,2,54699.52,35228.73,19470.79,7821.1,11777.15,596.6,51314.2,4.32,,7.75,570.38,0.32,2.3,64.193,6,,,182.01,
Russia,RUS,EU,2020,3,56893.89,37082.94,19810.95,7949.17,11989.84,599.9,52327,4.32,,8.02,563.47,0.55,2.55,74.0789,6,12.3,19.8,146.9,
Russia,RUS,EU,2020,4,56790.84,37099.84,19691,8012.33,11741.83,604.9,52951.7,4.83,,8.36,566.01,0.83,3.1,74.9064,5.5,,,153.7,
Russia,RUS,EU,2020,5,56596.68,36857.13,19739.55,8083.26,11790.38,606.5,53068,4.11,,7.77,566.13,0.26,3.02,72.6617,5.5,,,159.12,
Russia,RUS,EU,2020,6,56744.5,36834.66,19909.84,8197.71,11897.51,607.9,54392.6,4,,7.01,568.87,0.23,3.21,69.3354,4.5,12.4,20.3,164.28,
Russia,RUS,EU,2020,7,57581.32,37364.66,20216.66,8378.03,12133.4,610,54687.4,3.51,,6.85,591.75,0.35,3.37,71.53,4.25,,,167.42,
Russia,RUS,EU,2020,8,58385.1,37782.26,20602.84,8578.81,12405.14,609.8,55294.2,3.24,,6.51,594.42,-0.03,3.58,73.8398,4.25,,,178.7,
Russia,RUS,EU,2020,9,58997.1,38040.59,20956.5,8843.43,12578.47,609.4,56023.9,3.32,,6.48,583.43,-0.07,3.67,76.104,4.25,12.2,21.4,173.57,
Russia,RUS,EU,2020,10,59862.8,38519,21343.8,9125.46,12764.99,612,55871.6,3.3,,6.53,582.85,0.43,3.99,77.6183,4.25,,,166.87,
Russia,RUS,EU,2020,11,59936.04,38471.28,21464.76,9152.38,12621.34,616.3,56122.6,3.25,,6.26,582.68,0.7,4.42,76.8814,4.25,,,178.39,
Russia,RUS,EU,2020,12,59758.71,38170.19,21588.52,9290.81,12463.06,621.4,58652.1,3.42,,6.51,595.77,0.83,4.91,73.9528,4.25,12.2,21.9,192.07,
Russia,RUS,EU,2021,1,60127.68,38352.76,21774.91,9375.67,12622.53,625.5,57598.4,3.42,,6.54,590.69,0.66,5.18,74.4117,4.25,,,202.15,
Russia,RUS,EU,2021,2,60375.52,38322.84,22052.68,9558.96,12761.87,630.5,58178.2,3.21,,6.62,586.27,0.8,5.68,74.2873,4.25,,,202.33,
Russia,RUS,EU,2021,3,61086.67,38598.56,22488.11,9789.76,13112.45,634.6,58261.6,3.25,,6.51,573.32,0.65,5.78,74.527,4.5,11.9,22,206.66,
Russia,RUS,EU,2021,4,62061.87,39132.63,22929.24,10068.94,13370.27,638.3,59206.3,3.36,,6.59,590.48,0.58,5.52,76.1038,5,,,210.99,
Russia,RUS,EU,2021,5,62957.66,39544.42,23413.24,10282.26,13623.48,643,59194.1,3.33,,6.85,605.23,0.74,6.02,73.9361,5,,,217.39,
Russia,RUS,EU,2021,6,63688.44,39718.95,23969.49,10574.69,13900.55,647.4,59583.9,3.43,,7.15,591.75,0.68,6.5,72.5571,5.5,11.5,21.6,226.85,
Russia,RUS,EU,2021,7,64715.41,40316.64,24398.78,10780.96,14116.52,649.4,59379.7,3.64,,7.45,601,0.31,6.46,73.9341,6.5,,,225.91,
Russia,RUS,EU,2021,8,65763.22,40896.36,24866.85,10967.84,14292.17,650.5,59816.9,3.87,,8.18,618.18,0.17,6.67,73.5423,6.5,,,229.56,
Russia,RUS,EU,2021,9,66561.03,41268.83,25292.2,11207.47,14511.23,654.4,60606.2,4.14,,8.18,614.12,0.6,7.38,72.844,6.75,12.1,21.3,239.18,
Russia,RUS,EU,2021,10,67612.73,41910.36,25702.37,11431.22,14734.53,661.7,60813.7,4.34,,8.42,624.24,1.12,8.12,71.3301,7.5,,,250.66,
Russia,RUS,EU,2021,11,68493.93,42580.66,25913.27,11454.07,14705.8,668,62312.5,4.6,,8.49,622.5,0.95,8.39,72.9821,7.5,,,242.05,
Russia,RUS,EU,2021,12,68823.48,42476.74,26346.74,11768.41,14915.51,673.5,66252.9,5.05,,8.93,630.63,0.82,8.38,73.8575,8.5,12.1,21.1,223.38,
Russia,RUS,EU,2022,1,69451.75,42865.09,26586.66,11907.51,15132.59,680.2,65310.3,5.08,,9.81,630.21,0.99,8.75,76.5582,8.5,,,212.89,
Russia,RUS,EU,2022,2,71381.23,44360.28,27020.95,12180.46,15252.55,688.1,66659.7,6.37,,11,617.13,1.16,9.14,77.7585,20,,,195.14,
Russia,RUS,EU,2022,3,71802.3,44754.39,27047.91,12451.16,15140.41,740.5,68203.5,18.79,,15.93,606.41,7.62,16.69,109.7567,20,15.3,20.2,147.44,
Russia,RUS,EU,2022,4,71353.8,44538.93,26814.87,12437.83,14634.41,752.1,68475.3,14.03,,14.05,593.05,1.57,17.83,80.29,17,,,146.33,
Russia,RUS,EU,2022,5,70859.03,44092.06,26766.97,12424.02,14315.82,753,68993.41,8.06,,12.79,587.42,0.12,17.11,65.4509,11,,,141.4,
Russia,RUS,EU,2022,6,70104.51,43240.33,26864.18,12508.53,14426.35,750.4,69623.2,6.97,,10.57,584.12,-0.35,15.91,57.5814,9.5,13.8,19.2,138.86,
Russia,RUS,EU,2022,7,71549.18,44407.06,27142.12,12682.25,14718.09,747.5,70825.4,6.21,,10.16,576.9,-0.39,15.11,59.3958,8,,,127.69,
Russia,RUS,EU,2022,8,73001.86,45578.09,27423.77,12793.73,14915.24,743.6,73333.3,5.06,,9.14,565.66,-0.52,14.31,60.839,8,,,130.3,
Russia,RUS,EU,2022,9,74041.58,46195.33,27846.25,13093.64,15164,744,75096.8,5.55,,9.13,540.69,0.05,13.69,60.0275,7.5,11.7,19.6,135.15,
Russia,RUS,EU,2022,10,75966.67,47851.8,28114.87,13321.9,15321.14,745.3,75636.5,5.17,,9.13,547.19,0.17,12.63,61.8334,7.5,,,120.77,
Russia,RUS,EU,2022,11,77030.65,48588.67,28441.99,13528.59,15348.34,748.1,76873.3,5.35,,8.98,567.29,0.38,11.99,61.1288,7.5,,,130.35,
Russia,RUS,EU,2022,12,78942.55,50131.61,28810.93,13844.98,15489.03,753.9,82388,5.48,,8.75,581.99,0.78,11.94,65.8408,7.5,11.7,20.1,128.02,
Russia,RUS,EU,2023,1,79213.13,50270.23,28942.91,13926.82,15414.32,760.3,82221.7,5.35,,9.01,597.04,0.85,11.78,70.0669,7.5,,,129.45,
Russia,RUS,EU,2023,2,80992.77,51783.19,29209.58,14144.11,15364.6,763.7,83955.9,5.42,,9.25,574.25,0.45,10.99,73.7457,7.5,,,132.24,
Russia,RUS,EU,2023,3,82443.42,52689.2,29754.22,14445.19,15827.4,766.5,84813.4,5.81,,9.24,593.88,0.37,3.51,76.423,7.5,12.5,20.8,139.11,
Russia,RUS,EU,2023,4,84086.96,53805.38,30281.58,14753.19,16137.48,769.5,84636,5.68,,9.49,595.79,0.39,2.31,81.0177,7.5,,,152.71,
Russia,RUS,EU,2023,5,85320.56,54427.95,30892.61,15085.12,16447.42,771.9,86197.3,5.52,,9.46,584.18,0.31,2.51,79.1915,7.5,,,155.2,
Russia,RUS,EU,2023,6,86915.64,55392.04,31523.6,15449.5,16770.41,774.7,87276.8,5.4,,9.47,582.42,0.36,3.24,83.3775,7.5,12.8,21.5,163.86,
Russia,RUS,EU,2023,7,89374.44,57279.79,32094.64,15653.57,17009.52,779.6,88294,5.75,,9.54,589.97,0.63,4.29,90.6167,8.5,,,172.66,
Russia,RUS,EU,2023,8,91689.68,58584,33105.68,16236.34,17656.18,781.8,90110.9,8.64,,11.74,581.66,0.28,5.14,95.7368,12,,,186.06,
Russia,RUS,EU,2023,9,93756.89,59684.41,34072.47,16905.19,18418.91,788.6,90597.3,9.47,,12.83,569.02,0.87,5.99,96.7083,13,14.7,22.4,186.07,
Russia,RUS,EU,2023,10,95582.89,60768.99,34813.9,17398.24,18577.56,795.2,91134.7,10.06,,13.47,576.08,0.84,6.7,97.0345,15,,,190.33,
Russia,RUS,EU,2023,11,96775,61416.31,35358.69,17727.22,18453.5,804,92546.9,11.73,,13.86,592.35,1.11,7.47,90.5356,15,,,190.84,
Russia,RUS,EU,2023,12,97341.17,61883.72,35457.45,18015.88,18059.22,809.9,98385.4,12.89,,15.1,598.59,0.73,7.43,91.0386,16,16.8,22.5,182.82,
Russia,RUS,EU,2024,1,97957.52,62273.68,35683.84,18144.99,17956.62,816.8,97816.7,14.49,,15.59,585.45,0.85,7.43,89.3901,16,,,187.82,
Russia,RUS,EU,2024,2,98942.42,62981.59,35960.82,18225.66,17944.94,822.4,99422,14.61,,15.87,582.64,0.69,7.69,91.802,16,,,191.44,
Russia,RUS,EU,2024,3,100676.87,64082.58,36594.29,18453.95,18449.31,825.7,99595.8,14.67,,16.12,590.37,0.4,7.72,91.8705,16,18.1,22.2,195.88,
Russia,RUS,EU,2024,4,102517.6,65321.66,37195.95,18606.92,18970.29,829.8,103107.4,14.81,,16.01,597.91,0.5,7.84,93.1493,16,,,204.03,
Russia,RUS,EU,2024,5,104310.67,66439.13,37871.54,18766.88,19417.59,835.9,102519.1,15.09,,15.93,599.04,0.74,8.29,90.6459,16,,,202.67,
Russia,RUS,EU,2024,6,105737.19,66862.74,38874.45,19284.52,20267.53,841.3,103557.2,16.45,,15.78,593.5,0.65,8.6,88.1555,16,18.6,22.5,190.1,
Russia,RUS,EU,2024,7,107644.83,68462.28,39182.55,19211.46,20415.66,850.9,104351.3,16.33,,16.38,602.05,1.14,9.15,87.2999,18,,,190.94,
Russia,RUS,EU,2024,8,109914.66,70291.4,39623.26,19289.59,20338.73,852.6,106242.7,16.76,,17.1,613.72,0.2,9.06,88.9945,18,,,190.94,
Russia,RUS,EU,2024,9,111567.29,71745.29,39822,19231.71,20610.54,856.7,107629.5,17.59,,17.95,633.74,0.48,8.64,91.3164,19,,,190.94,
Russia,RUS,EU,2024,10,113830.7,73815.99,40014.71,19111.13,20725.13,863.1,108947.9,18.96,,18.36,631.57,0.75,8.54,96.3394,21,,,190.94,
Russia,RUS,EU,2024,11,115471.07,76113.91,39357.16,19123.29,20125.45,875.4,111025.2,20.54,,19.28,616.49,1.43,8.88,100.555,21,,,190.94,
Russia,RUS,EU,2024,12,113843.13,74926.83,38916.3,19198.5,19805.18,,117256.4,21.57,,,609.07,,,103.6563,21,,,190.94,
Russia,RUS,EU,2025,1,,,,,,,,,,,,,,102.4272,21,,,,
Russia,RUS,EU,2025,2,,,,,,,,,,,,,,92.9721,,,,,
Russia,RUS,EU,2025,3,,,,,,,,,,,,,,,,,,,
Russia,RUS,EU,2025,4,,,,,,,,,,,,,,,,,,,
Russia,RUS,EU,2025,5,,,,,,,,,,,,,,,,,,,
Russia,RUS,EU,2025,6,,,,,,,,,,,,,,,,,,,
Russia,RUS,EU,2025,7,,,,,,,,,,,,,,,,,,,
Russia,RUS,EU,2025,8,,,,,,,,,,,,,,,,,,,
Russia,RUS,EU,2025,9,,,,,,,,,,,,,,,,,,,
Russia,RUS,EU,2025,10,,,,,,,,,,,,,,,,,,,
Russia,RUS,EU,2025,11,,,,,,,,,,,,,,,,,,,
Russia,RUS,EU,2025,12,,,,,,,,,,,,,,,,,,,
